boat,phrf,loa
11 Metre One Design,81,33.70
30 Meter,147,30.00
A Le Comte 35,162,35.00
A Le Comte 46,126,45.60
A Le Comte 52,84,52.00
Abbott 28,198,28.00
Abbott 33,129,33.30
Able Pointin 24,,24.00
Accent 26,231,26.30
Aegean 234,234,21.70
Aero 24,240,24.00
Aerodyne 38,27,37.70
Alajuela 38,222,38.00
Albatross 23,276,23.00
Alberg 30,222,30.00
Alberg 35 Sloop,207,35.00
Alberg 35 Yawl,198,35.00
Alberg 37,162,37.00
Albin 7.9,210,26.00
Albin Ballad Half Ton,180,30.00
Albin Cumulus,195,28.10
Albin Express,174,25.50
Albin Nimbus 42,96,42.00
Albin Stratus 36,153,35.20
Albin Vega 27,192,27.00
Alden 32 Ketch,288,32.00
Alden 32 Sloop,270,32.00
Alden 44 Tall Mast,114,44.20
Alden 48 Centerboard,102,48.80
Alden 50,141,50.00
Alden 50 Centerboard,108,50.30
Alden 52 Cutter,48,52.80
Alden 54 CB,48,54.00
Alden Challenger,171,38.40
Alden Malabar,180,38.00
Alden One Design,192,37.80
Alden Skye,69,53.40
Alerion 26,234,26.00
Alerion 26,207,25.30
Alerion 28,168,28.00
Alerion 28-2,165,28.00
Alerion 33 Express,120,33.00
Alerion 38 ODR,138,38.00
Alerion 38 Y,126,38.40
Alerion 38-2,120,38.20
Alerion 41,99,40.50
Alerion Cat,228,19.20
Allied Chance 30-30,171,30.00
Allied Mistress,216,39.00
Allied Princess,204,36.00
Allied Seabreeze 35 CB,198,35.00
Allied Seawind 32 MK II,234,31.70
Allied SW-30,252,30.00
Allied XL2,168,42.00
Allmand 31,177,30.80
Aloha 10.4,162,34.00
Aloha 28,192,28.00
Aloha 32,177,32.40
American Marine 26,282,26.00
AMF 2100,207,21.00
Amphibian 30,126,29.80
Andrews 26 IB,144,25.60
Andrews 28 Inboard,90,28.00
Antrim 27 IB,93,27.80
Antrim 27 OB,87,27.80
Aphrodite 101,132,33.00
Apogee 50,60,51.00
Aquarius 23,244,23.00
Aquarius 23 Swing Keel,238,23.00
Archambault 40,39,39.20
Arrow 24,240,24.00
Atalanta 26,252,26.00
Atlantic 50,9,50.00
Atlantic City Cat 24,282,24.00
Atlantic One Design,153,30.00
Aurora 40 Centerboard,132,40.00
Avance 36,132,35.40
Azzura 310,51,30.80
B 25,141,25.00
B 32 IB,78,32.00
B 32 OB,75,32.00
Baba 30,222,29.50
Balboa 26,216,26.00
Baltic 35,117,34.00
Baltic 35 Tall Mast,111,34.00
Baltic 37,120,37.00
Baltic 38 DP CB,105,38.20
Baltic 38DP,99,38.10
Baltic 39,105,38.80
Baltic 39 Centerboard,111,38.80
Baltic 40,84,39.40
Baltic 42,84,42.40
Baltic 42DP Short Rig,78,41.90
Baltic 42DP TM,75,41.90
Baltic 43,66,43.30
Baltic 43 TM,63,43.30
Baltic 46,81,46.00
Baltic 48DP,42,48.00
Baltic 50,-30,50.00
Baltic 51 Centerboard,57,50.90
Baltic 52,-24,52.00
Baltic 75 Centerboard,-12,75.60
"Baltic Mod 42 ""Stampede""",75,42.40
"Baltic Mod 43 ""Whydah""",60,43.30
Bavaria 32,156,33.90
Bavaria 33,141,34.30
Bavaria 36,132,37.80
Bavaria 37,123,37.00
Bavaria 40,111,41.00
Bavaria 42,99,42.48
Bavaria 44 SD,105,45.50
Bavaria 49 TM,39,49.00
Bavaria 960,177,32.00
Bavaria Match 38,54,37.40
Bayfield 36 C,201,41.00
Bayfield 43 K,192,45.50
Beadon 30,108,30.00
Beneteau 10R,87,33.00
Beneteau 1150 Idyl,153,36.00
Beneteau 1350 Idyl.,126,42.30
Beneteau 210,195,21.00
Beneteau 235,201,21.70
Beneteau 235 W OB,207,23.30
Beneteau 25 PLATU,120,24.60
Beneteau 26,198,26.00
Beneteau 26.5,189,26.50
Beneteau 285 W,192,28.20
Beneteau 29,171,28.70
Beneteau 30 R/C,171,29.60
Beneteau 305,168,30.40
Beneteau 30E,168,32.00
Beneteau 31,135,31.80
Beneteau 310,150,31.00
Beneteau 310 W,162,31.00
Beneteau 311 SD,162,32.25
Beneteau 32 FR,135,32.50
Beneteau 32 MH,141,32.80
Beneteau 325 TM,141,32.40
Beneteau 33.7,126,32.70
Beneteau 33.7 DK,120,32.60
Beneteau 343,162,34.50
Beneteau 343 Shoal Draft,162,35.50
Beneteau 345 Shoal Draft TM,132,36.00
Beneteau 345 TM,123,36.00
Beneteau 35,126,35.00
Beneteau 35s5,129,35.00
Beneteau 35s5 W,132,35.00
Beneteau 35s7,120,35.60
Beneteau 36.7,81,36.00
Beneteau 36.7 Shoal Draft,90,36.00
Beneteau 36s7,111,35.80
Beneteau 37,105,37.70
Beneteau 375,123,37.10
Beneteau 38,108,38.50
Beneteau 38 TM DK,96,40.20
Beneteau 38S5,114,38.20
Beneteau 393 Oceanis,144,39.30
Beneteau 40-2,108,39.80
Beneteau 40.7,54,39.30
Beneteau 40.7 SD,60,39.30
Beneteau 405 Tall Mast,114,40.70
Beneteau 405 Tall Mast Shoal Draft,120,40.70
Beneteau 41 Oceanis,120,39.25
Beneteau 41s5 Wing,105,41.30
Beneteau 42 CC Wing,132,43.30
Beneteau 42 TM LK,78,43.60
Beneteau 42 TM SD,78,42.80
Beneteau 42s7,63,41.60
Beneteau 42s7 Short Rig Iron Wing,87,42.40
Beneteau 42s7 TR IW,78,42.50
Beneteau 435 SD,87,43.50
Beneteau 44.7,30,44.90
Beneteau 44.7 SD,36,43.80
Beneteau 45 F5 WK,51,44.90
Beneteau 456,66,45.60
Beneteau 456 Very Tall Mast,48,45.00
Beneteau 46,81,46.20
Beneteau 47.7,24,48.60
Beneteau 47.7 SD,30,48.60
Beneteau 49 SD,54,49.50
Beneteau 50 Tall Mast,66,50.75
Beneteau 51 First Wing Keel,54,51.00
Beneteau 523,66,53.31
Beneteau 54,45,54.80
Beneteau F 38 Shoal Draft TM,114,38.60
Beneteau F 38 TM,105,38.60
Beneteau F 38 VTM,102,38.60
Beneteau Figaro,105,30.00
Beneteau First 24,189,24.50
Beneteau First 28.5,186,28.20
Beneteau First 30,114,31.20
Beneteau First 32s5,141,32.50
Beneteau First 32s5 W,153,32.50
Beneteau First 35 Deep Keel,72,35.00
Beneteau First 40,33,40.16
Beneteau First 41s5,96,41.30
Beneteau First 42 SD,78,43.70
Beneteau First 42 Short Rig,81,43.70
Beneteau First Class 10,99,34.20
Beneteau First Class 10 Fractional,102,34.30
"Beneteau Mod 38 ""Nepenthe""",99,40.20
Beneteau Oceanis 281 W,198,28.50
Beneteau Oceanis 311,156,32.30
Beneteau Oceanis 321 SD,165,32.60
Beneteau Oceanis 323,162,32.80
Beneteau Oceanis 331,156,33.90
Beneteau Oceanis 34,150,33.92
Beneteau Oceanis 350 W,138,33.70
Beneteau Oceanis 351,150,35.00
Beneteau Oceanis 361 Wing,144,36.50
Beneteau Oceanis 37,129,37.80
Beneteau Oceanis 370 Wing,123,35.70
Beneteau Oceanis 373,111,37.80
Beneteau Oceanis 381,138,38.50
Beneteau Oceanis 390 Wing,129,38.30
Beneteau Oceanis 400,111,39.80
Beneteau Oceanis 400 SD,120,39.80
Beneteau Oceanis 40CC,111,40.80
Beneteau Oceanis 411,129,41.70
Beneteau Oceanis 423,132,43.20
Beneteau Oceanis 423 Shoal Draft,138,43.20
Beneteau Oceanis 430,105,42.80
Beneteau Oceanis 44 CC,126,44.60
Beneteau Oceanis 440 Wing,120,44.30
Beneteau Oceanis 45 Shoal Draft,114,45.80
Beneteau Oceanis 461,111,46.60
Beneteau Oceanis 473 SD,72,46.90
Beneteau Oceanis 48 Shoal Draft,72,47.90
Beneteau Oceanis 500,75,49.80
Bianca 101,132,33.00
Black Watch 24,231,24.00
Block Island 40,174,40.70
Blue Jacket 40,66,39.80
Bluenose 24,264,24.00
Blusail 24,123,24.00
Bombay Clipper 31,204,31.00
Boston Whaler Harpoon 6.2,234,20.00
Bounty 41 II,174,41.00
Bowman 44 Corsair,117,44.30
Bowman 57 K,93,57.00
Bravura 29 SD,81,29.90
Brenta 38,42,38.30
Brewer 12.8 Centerboard,147,42.00
Bridges Point 24,243,24.00
Bristol 24 Corsair,231,24.00
Bristol 26,240,26.00
Bristol 27,225,27.00
Bristol 28,225,28.00
Bristol 29,228,29.00
Bristol 29.9,183,29.90
Bristol 29.9 Centerboard,189,29.90
Bristol 30,216,30.00
Bristol 31.1 XL,219,31.00
Bristol 32,222,32.00
Bristol 33,186,33.60
Bristol 34,186,34.00
Bristol 35,192,35.00
Bristol 35 Centerboard,192,35.00
Bristol 35.5 Keel,156,35.50
Bristol 38.8 Centerboard,135,38.40
Bristol 39 TM,162,39.00
Bristol 40,171,40.20
Bristol 40 Y,171,40.00
Bristol 41.1 Keel/Centerboard,126,41.10
Bristol 41.1 Keel/Centerboard Tall Mast,123,41.10
Bristol 43.3,117,43.30
Bristol 45.5,105,45.20
Bristol 45.5 Centerboard,111,45.30
Bristol 47.7,111,47.60
Bristol 56.6,45,56.40
Bristol Corinthian 19/20,300,19.50
Buccaneer 210 0B,282,21.00
Buccaneer 220 Outboard,228,22.00
Buccaneer 270 Outboard,207,27.00
Buccaneer 295,168,29.30
Buccaneer 305,210,30.50
"Buccaneer Mod 295 ""Roulette""",168,29.30
Buchan 29,162,29.00
Buchan 30,180,30.00
Buchan 305,204,30.00
C&C 101,84,33.00
C&C 110,93,36.30
C&C 110 CF,90,36.70
C&C 110 DK,87,36.40
C&C 110 DK CF,84,36.70
C&C 110 TPS CF,87,36.30
C&C 115,66,37.80
C&C 121,69,40.00
C&C 121 W,75,40.00
C&C 24,225,24.00
C&C 24 SK,258,24.00
C&C 25,225,25.00
C&C 25 Inboard,222,25.00
C&C 25 Outboard,228,25.00
C&C 26,210,26.00
C&C 27-1,213,27.00
C&C 27-2,201,27.80
C&C 27-3 Inboard,180,26.50
C&C 27-3 Outboard,174,26.50
C&C 29,177,29.00
C&C 29 Mark II,174,29.00
C&C 29-2 SD,180,29.00
C&C 30,180,30.00
C&C 30-2,159,30.00
C&C 30-2 Wing Keel,171,29.90
C&C 30-3,45,30.01
C&C 31 Corvette,201,31.00
C&C 32,171,32.00
C&C 33,156,33.00
C&C 33 Shoal Draft,159,33.00
C&C 33-2,132,32.50
C&C 34,147,34.00
C&C 34 CB,153,34.00
C&C 34 XL,93,35.50
C&C 34 XL MD,99,35.50
C&C 34+,105,35.50
C&C 34+ CB,105,35.50
C&C 34+ Wing,105,35.50
C&C 34R,93,35.50
C&C 35 Landfall,156,35.00
C&C 35 Mark III,120,34.70
C&C 35-1,126,35.00
C&C 35-2,123,35.00
C&C 35-2 Centerboard,126,35.00
C&C 35-3,120,34.67
C&C 35-3 CB,126,34.70
C&C 35-3 W,129,34.70
C&C 36,138,36.00
C&C 36 Centerboard,144,36.00
C&C 37,114,37.00
C&C 37+,75,39.40
C&C 37+ CB,81,39.40
C&C 37+ Wing,81,39.40
C&C 37R,63,39.40
C&C 37XL,78,39.40
C&C 38,123,38.00
C&C 38 Centerboard,120,38.00
C&C 38 Landfall,141,38.00
C&C 38-3,108,37.50
C&C 39,108,39.00
C&C 40 Centerboard,102,40.00
C&C 40 Centerboard Tall Rig,99,40.00
C&C 40 Regular Mast & Deep Keel,96,40.00
C&C 40 Regular Mast & Keel,99,40.00
C&C 40 Tall Mast Deep Keel,90,40.00
C&C 41,72,41.00
C&C 41 Centerboard,81,41.00
C&C 41 W,90,40.80
C&C 42,87,42.00
C&C 42 Landfall TR,144,42.00
C&C 43,81,43.50
C&C 43 Landfall,138,42.10
C&C 43-2,81,43.00
C&C 43-2 TM,75,43.60
C&C 44 CB,69,44.20
C&C 48,75,48.00
C&C 48 Landfall,129,48.00
C&C 50,48,50.00
C&C 51 XL CB,36,52.00
C&C 99 DK,96,32.50
C&C 99 SD,105,32.50
C&C MI-24,228,24.00
"C&C Mod 32 ""Water Music""",159,32.00
"C&C Mod 33 ""Sparkler III""",147,33.00
"C&C Mod 34 ""C-Chele""",138,34.00
"C&C Mod 34 ""Resolute""",138,34.00
"C&C Mod 35-1 ""Decoy""",120,35.00
"C&C Mod 35-1 ""Osprey""",114,35.00
"C&C Mod 35-1 ""Zzzoom""",117,35.00
"C&C Mod 35-2 ""Blue Eagle""",120,35.00
"C&C Mod 35-2 ""Chickcharnie""",123,35.00
"C&C Mod 37 ""Ceres""",105,37.00
"C&C Mod 37R ""Wave Train""",66,40.00
"C&C Mod 38 ""Cherokee""",111,37.90
"C&C Mod 43-2 ""Silver Shadow""",81,43.00
C&C Redline 41-1,120,41.00
C&C Redline 41-2,18,40.70
C&C Redwing 30,204,30.00
Cal 2-29,186,29.00
Cal 2-30,174,30.00
Cal 20,282,20.00
Cal 21,276,21.00
Cal 24,246,24.00
Cal 24 Mk III,222,24.30
Cal 24-2,228,24.00
Cal 25,228,25.00
Cal 25-2 IB,228,25.30
Cal 25-2 OB,222,25.30
Cal 27 Mark III,204,27.70
Cal 27-2 TM IB,198,27.00
Cal 28 IB,210,28.00
Cal 28-2,180,28.30
Cal 28-2 SD,192,28.20
Cal 29 OB,180,29.00
Cal 3-30,168,30.00
Cal 30,192,30.00
Cal 31,162,31.50
Cal 33,156,33.00
Cal 33-2,132,33.00
Cal 33-2 SD,132,33.00
Cal 34-1,180,34.00
Cal 34-2,174,34.00
Cal 35 Mk II DK,138,35.00
Cal 36,150,36.00
Cal 36 Cruising,168,36.00
Cal 37,108,37.00
Cal 39,114,39.00
Cal 39 Mark II Tall Mast,105,39.00
Cal 39 MARK III TM,105,39.00
Cal 39 SD SR,120,39.00
Cal 39-3 SD,117,39.00
Cal 39-4 Wing Keel,108,39.00
Cal 40,126,40.00
Cal 43,102,43.00
Cal 48,96,48.00
Cal 9.2,180,30.00
Cal 9.2 DK,174,30.00
Cal 9.2R,162,30.00
"Cal Mod 34-1 ""Vertago""",168,33.50
"Cal Mod 39-2 ""Sueno""",102,39.00
Cal T/2 Inboard,198,30.00
Cal T/4 Quarter Ton,234,27.00
Calkins 50,102,50.00
Cambria 40 Centerboard,114,41.00
Cambria 44 Centerboard,90,46.00
Cambria 46 Centerboard,87,46.30
Cape Dory 22 Typhoon Senior,276,22.42
Cape Dory 25 Outboard,246,24.80
Cape Dory 27,240,27.00
Cape Dory 28,216,28.00
Cape Dory 30 Ketch,228,30.00
Cape Dory 30 Sloop,201,30.00
Cape Dory 30 Tall Mast,192,30.00
Cape Dory 300 MS,306,31.90
Cape Dory 32,192,34.16
Cape Dory 33,183,33.00
Cape Dory 36,156,36.00
Cape Dory Intrepid 9M,198,28.00
Cape Dory Typhoon,300,19.00
Cape Fear 38 Regatta,45,37.80
Cape Henry 21,279,20.90
Capri 22,204,22.00
Capri 22 Tall Rig Wing Keel,207,22.00
Capri 22 WK,213,22.00
Capri 25,174,25.00
Capri 37,75,37.00
Cardinal 46,99,46.40
Carlson 29,201,29.00
Carrera 280,96,28.00
Carrera 290,111,29.20
Carter 30,174,30.00
Carter 33,180,33.00
Carter 33 TM,174,33.00
Carter 36,120,35.50
Carter 37,120,37.00
Carter 37 MOD Lively Lady,123,37.10
Carter 38,114,38.00
Carter 39,120,39.00
Carter 41,90,41.60
Cascade 29,228,29.00
Catalina 22,270,22.00
Catalina 22 Sport,273,23.82
Catalina 25 Fixed Keel OB,237,25.00
Catalina 25 OB SK,240,25.00
Catalina 25 TM FK,231,25.00
Catalina 250 CB,216,25.00
Catalina 250 WK,237,25.00
Catalina 27 Inboard,210,27.00
Catalina 27 Shoal Draft Inboard,216,27.00
Catalina 27 Tall Mast Inboard,204,27.00
Catalina 270 W,204,27.00
Catalina 275,189,27.50
Catalina 30,192,30.00
"Catalina 30 Tall Mast, Bow Sprit",183,30.00
Catalina 30 W,201,29.90
Catalina 310 W,177,31.00
Catalina 320 Deep Keel,153,32.50
Catalina 320 W,165,32.60
Catalina 34,156,34.50
Catalina 34 Tall mast,153,34.50
Catalina 34 TM W,162,34.50
Catalina 350 Wing,150,36.40
Catalina 36,150,35.60
Catalina 36 Tall Mast,147,35.60
Catalina 36 TM M SLIGO C,147,35.50
Catalina 36-2,150,36.30
Catalina 38,120,38.00
Catalina 380 W,126,38.40
Catalina 390,126,38.40
Catalina 400 DK,108,40.70
Catalina 400 W,114,40.50
Catalina 42,99,41.80
Catalina 42 Shoal Draft,111,42.00
Catalina 42 W,111,41.80
Catalina 445,108,44.40
Catalina 470 W,123,46.50
Celebrity 19,252,19.00
Centurion 32,180,32.00
Centurion 38,114,37.60
Centurion 38 Scheel,114,37.70
Centurion 42,75,42.20
Centurion 42 SD,81,42.20
Centurion 47 SD,75,47.00
Centurion 50,81,50.50
Challenger 32,222,32.00
Chance 29,150,32.90
Chance 30/28,162,30.00
Chance 30/30 Allied,171,30.00
Chance 32,162,32.00
Chance 33,126,39.20
Chance 36,111,36.00
Chance 37,126,37.00
Chance 39,120,39.00
Chance Offshore 1,132,33.00
Chaser 29,162,29.00
Chaser 33,138,32.80
Cheetah 30 ODR,90,30.30
Cheoy Lee 35 Lion,234,35.00
Cheoy Lee 35 Robb,234,35.00
Cheoy Lee 35 Yawl,246,35.00
Cheoy Lee 36 Clpr,252,36.00
Cheoy Lee 40 Ketch,168,40.00
Cheoy Lee 41 Offshore Ketch,138,40.90
Cheoy Lee 41 Offshore Yawl,150,40.90
Cheoy Lee 44,126,44.00
Cheoy Lee 44 Cutter,144,44.00
Cheoy Lee 48 Ketch,147,47.80
Cheoy Lee Offshore 27,246,27.00
Cheoy Lee Offshore 31 Ketch,306,31.00
Cheoy Lee Offshore 33 Ketch,300,33.00
Cheoy Lee Offshore 40,186,40.00
Cheoy Lee Offshore 47,108,47.00
Cheoy Lee Pedrick 38,138,38.30
Cheoy Lee Pedrick 41 CB,150,41.00
Cherubini 44,141,50.50
Chesapeake 32,204,32.00
Chris Craft 26 Pawnee,210,26.00
Chris Craft 32 Cherokee,204,32.80
Chris Craft 37 Apache,153,37.00
Chris Craft 42 Commanche,123,42.00
Chris Craft Capri 26,225,26.00
Chris Craft Capri 30,240,30.00
Chrysler 22 FK,252,22.00
Chrysler 26 CB,228,26.00
Chrysler 26 FK,222,26.00
Chrysler 27 IB,168,27.30
Class 40-1,,39.90
Class 40-3,-3,40.00
Class 40-4,-6,39.99
Clipper Marine 21,270,21.00
CM 1200,18,40.00
Colgate 26,156,25.70
Columbia 10.7 (35),156,35.20
Columbia 22,267,22.00
Columbia 23T,276,22.60
Columbia 24 Challenger,258,24.00
Columbia 24 Contender,270,24.00
Columbia 26 Mk II,240,26.00
Columbia 26-1 IB,246,26.00
Columbia 28,228,27.60
Columbia 28 Mark II,222,28.00
Columbia 29 Defender,222,28.00
Columbia 30,180,30.00
Columbia 32 Sabre,210,32.00
Columbia 32 Sabre 5.5,201,32.00
Columbia 32-2,51,32.00
Columbia 34,210,34.00
Columbia 34-2,168,34.00
Columbia 36,162,36.00
Columbia 38,204,38.00
Columbia 39,186,39.00
Columbia 39-2,174,39.00
Columbia 39-3,120,39.00
Columbia 40 Centerboard,174,40.00
Columbia 43,120,43.30
Columbia 43-2,114,43.30
Columbia 43K,114,43.30
Columbia 45 Motor Sailor,186,45.30
Columbia 50,108,50.00
Columbia 50 Yawl,108,50.00
Columbia 8.3,213,27.20
Columbia 8.7,204,29.00
Columbia 9.6,195,32.00
"Columbia Mod 30 ""Blue Hornet""",177,30.00
Comet 1050,156,33.30
Concordia 39 Fractional,177,39.00
Concordia 39 Fractional Yawl,180,39.00
Concordia 39 Masthead Yawl,189,39.00
Concordia 40 Fractional,177,40.00
Concordia 40 Fractional Yawl,180,39.80
Concordia 40 Masthead Yawl,177,40.00
Concordia 41,174,41.00
Concordia 46,6,47.40
Concordia 47,-12,46.80
Constellation 30,192,30.00
Contention 33,144,33.00
Contessa 26,246,26.00
Contessa 32,180,32.00
Contessa 33,138,32.70
Contessa 33 TM,132,32.70
Contessa 35,111,35.00
Contessa 35 Single Spreader,117,35.00
Contessa 42,75,42.00
Contessa 43,66,42.50
Contessa MOD 33 REBEL,135,32.70
"Contessa Mod 35 ""Crossbow""",114,35.00
"Contessa Mod 35 ""Huff N Puff""",114,35.00
"Contessa Mod 35 ""Spitfire""",,35.00
Contest 29,234,29.00
Contest 30,222,30.00
Contest 31,192,31.00
Contest 33,222,33.00
Contest 35,177,34.90
Contest 36S,144,35.80
Contest 36S Wing,147,35.80
Contest 40,186,40.00
Contest 42 K,186,42.60
Contest 44,120,44.00
Contest 48,186,48.00
Corbin 39,150,38.60
Corby 29,99,29.00
Corby 33,63,32.80
Corel 45 ODR,-24,45.30
Cork 1720,111,26.00
Coronado 23,270,23.00
Coronado 25,228,25.00
Coronado 27 IB,228,27.00
Coronado 28 IB,216,28.00
Coronado 30,186,30.00
Coronado 34,174,34.00
Coronado 35 Motorsailer,192,35.00
Coronado 41 Motorsailer,108,41.00
Corsair 24,285,24.00
CR 38,132,38.00
Crealock 34,207,34.10
Crealock 37,177,36.90
Creekmore 22,204,22.00
Creekmore 23,207,23.00
Creekmore 26,162,26.00
Creekmore 27,159,27.00
CS Yachts 22,226,22.00
CS Yachts 27 IB,198,27.00
CS Yachts 30,156,30.00
CS Yachts 33,150,33.00
CS Yachts 36,129,36.00
CS Yachts 40 Shoal Draft,105,39.25
CS Yachts 40 TM,96,39.30
CSY Yachts 37,180,37.00
CSY Yachts 44,150,44.00
CSY Yachts 50,132,49.60
CT 37,192,37.00
CT 41,237,41.00
CT 65,99,65.00
"Custom ""Abracadabra""",96,37.10
"Custom ""Abracadabra""",51,42.30
"Custom ""Adrenalin""",48,35.10
"Custom ""Aegir II""",204,39.50
"Custom ""African Warrior""",72,41.00
"Custom ""Aggressive II""",72,37.00
"Custom ""Aggressive""",63,39.70
"Custom ""Agincourt""",3,42.90
"Custom ""Amazing Potato""",57,39.50
"Custom ""Americus""",93,28.60
"Custom ""Angel II""",87,26.80
"Custom ""Aphrodite IV""",63,39.60
"Custom ""Appreciation""",84,40.50
"Custom ""Aquila""",198,41.20
"Custom ""Arabella""",114,46.50
"Custom ""Aries""",60,47.00
"Custom ""As Larks Harmoniously""",108,33.90
"Custom ""Aurora""",81,43.00
"Custom ""Aurora""",-78,66.70
"Custom ""Avalanche""",6,41.00
"Custom ""Bandito""",33,45.60
"Custom ""Barfly""",114,34.40
"Custom ""Barnswallow""",141,39.40
"Custom ""Barrister III""",48,42.70
"Custom ""Bingo""",84,35.70
"Custom ""Blackbird""",69,41.00
"Custom ""Blackwing""",54,30.00
"Custom ""Blue Bayou""",138,35.50
"Custom ""Blue Streak""",36,39.20
"Custom ""Blue Yankee""",36,43.40
"Custom ""Blue Yankee""",-21,47.40
"Custom ""Boomer G""",78,42.70
"Custom ""Bootlegger""",87,42.30
"Custom ""Brandywine""",84,39.80
"Custom ""Brigadoon""",48,57.00
"Custom ""Brigand""",-24,49.70
"Custom ""Bright Star""",-9,46.50
"Custom ""Bright Star""",-138,77.80
"Custom ""Broadway""",48,51.60
"Custom ""Buckaroo""",57,39.50
"Custom ""Bulldog""",66,40.70
"Custom ""Bullfrog""",87,30.00
"Custom ""Bully""",-9,49.70
"Custom ""Bushranger""",93,21.40
"Custom ""Cabaret""",-6,47.20
"Custom ""Calvados""",162,32.00
"Custom ""Capriccio""",132,33.20
"Custom ""Caprice""",36,51.50
"Custom ""Carina""",60,48.20
"Custom ""Carrera""",-150,80.10
"Custom ""Cayuse""",24,36.00
"Custom ""Celebration""",72,40.30
"Custom ""Celebration""",36,44.90
"Custom ""Chaika""",117,34.30
"Custom ""Chantyman""",165,32.00
"Custom ""Chasing Rainbows""",66,41.50
"Custom ""China Doll""",147,34.50
"Custom ""Christopher Dragon""",36,43.00
"Custom ""Christopher Dragon""",66,45.00
"Custom ""Chute One""",84,37.40
"Custom ""Claddagh""",75,41.50
"Custom ""Claddagh""",57,40.00
"Custom ""Conamor""",75,39.00
"Custom ""Congere""",-90,80.00
"Custom ""Corsta""",81,60.00
"Custom ""Counterpoint""",159,29.10
"Custom ""Country Pride""",81,43.90
"Custom ""Courageous""",6,66.50
"Custom ""Danger Zone""",-21,32.00
"Custom ""Dauntless""",-30,65.00
"Custom ""Dawn Treader""",84,39.50
"Custom ""DEBBIE'S DIAMOND""",63,39.40
"Custom ""Defiance""",33,51.50
"Custom ""Denali""",81,42.30
"Custom ""Dhobie""",99,41.50
"Custom ""Diane""",,49.80
"Custom ""Different Drummer""",63,40.00
"Custom ""Diogenes""",105,36.00
"Custom ""Donnybrook""",-87,72.30
"Custom ""Dragon Fire""",69,41.70
"Custom ""Eclipse""",48,40.30
"Custom ""Elizabeth""",168,36.90
"Custom ""Elske""",123,48.20
"Custom ""Elusive""",,55.00
"Custom ""Emily""",120,43.80
"Custom ""EnCharette""",72,36.00
"Custom ""Encore""",-73,73.00
"Custom ""Enterprise""",66,52.10
"Custom ""Epic""",69,40.00
"Custom ""Equation""",-51,50.00
"Custom ""Equinox""",45,46.20
"Custom ""Equinox""",15,55.00
"Custom ""Essence""",-42,90.00
"Custom ""Evelution""",69,41.10
"Custom ""Exit 12""",210,28.80
"Custom ""Falcon""",-27,56.40
"Custom ""Fazisi""",-69,82.80
"Custom ""Fiddler""",75,41.80
"Custom ""Fiddler""",-30,65.40
"Custom ""Finally""",168,27.00
"Custom ""Firebrand""",114,35.00
"Custom ""Firewater""",111,36.40
"Custom ""First Rate""",96,43.30
"Custom ""Fling""",117,36.00
"Custom ""Flying Cloud""",78,43.00
"Custom ""Flyway II""",-24,55.50
"Custom ""Flyway""",33,47.80
"Custom ""Fortune""",84,50.00
"Custom ""Freebooter""",117,39.00
"Custom ""Froya""",87,46.30
"Custom ""Full Tilt Boogie""",63,39.70
"Custom ""Fury""",48,45.00
"Custom ""Gallant",99,64.30
"Custom ""Gemini""",99,39.20
"Custom ""Glide""",84,36.60
"Custom ""Gray Goose""",-69,72.00
"Custom ""Green Dragon""",60,44.00
"Custom ""Hard Eight""",6,41.00
"Custom ""Harrier""",60,39.60
"Custom ""Harrier""",-15,48.00
"Custom ""Haxan""",198,26.40
"Custom ""Heat Wave""",87,29.90
"Custom ""HERCULES""",-105,79.70
"Custom ""High Five""",15,40.00
"Custom ""High Noon""",-12,41.00
"Custom ""Hissar""",-30,62.90
"Custom ""Hooligan""",36,42.10
"Custom ""Horrendous""",201,36.60
"Custom ""Hot 'N' Bothered""",192,24.00
"Custom ""HOT FLASH""",111,37.60
"Custom ""Hot Flash""",105,37.00
"Custom ""Hotspur""",81,40.10
"Custom ""Hullabaloo""",180,21.80
"Custom ""Hydrotherapy""",84,26.30
"Custom ""Idler""",,33.00
"Custom ""Impression""",111,33.40
"Custom ""Impulse""",63,42.00
"Custom ""Irascible""",126,30.50
"Custom ""J.A.R.D. Loose""",45,40.00
"Custom ""Javelin""",-36,77.10
"Custom ""Javelin""",-27,49.90
"Custom ""Jingo""",81,42.00
"Custom ""Josher III""",48,52.00
"Custom ""Katabatic""",57,40.00
"Custom ""KITTIWAKE""",45,48.20
"Custom ""Knock on Wood""",114,37.00
"Custom ""Kodiak""",-15,66.40
"Custom ""leilani""",150,50.00
"Custom ""Leverage""",63,40.00
"Custom ""Lickety Split""",150,31.10
"Custom ""Lillian""",273,22.00
"Custom ""Lindy""",87,37.80
"Custom ""Live Wire""",54,42.40
"Custom ""Lotus""",108,33.80
"Custom ""Louisiana Crude""",57,42.40
"Custom ""Lucy Vincent""",189,30.30
"Custom ""MadCap""",102,35.60
"Custom ""Magali""",105,42.50
"Custom ""Magic Moment""",141,52.00
"Custom ""Magic""",171,38.00
"Custom ""Magic""",60,37.10
"Custom ""Magique Noire""",117,47.80
"Custom ""Masquerade""",195,35.70
"Custom ""Matriarch""",87,29.90
"Custom ""Medallion""",15,52.70
"Custom ""Menace""",105,34.00
"Custom ""Messenger""",87,38.00
"Custom ""Midnight Sun""",30,50.00
"Custom ""Midnight Tiger""",57,42.20
"Custom ""Mischief""",84,40.30
"Custom ""Mischievous""",-60,63.40
"Custom ""Mistral""",198,41.70
"Custom ""Mistral""",180,41.60
"Custom ""Misty""",186,34.60
"Custom ""Moby Dick""",,41.90
"Custom ""Mojo""",-57,68.00
"Custom ""Moonbeam""",111,46.00
"Custom ""Moonbeam""",123,40.00
"Custom ""Moondance""",15,48.70
"Custom ""Nasty Medicine""",24,40.00
"Custom ""Necesse""",111,35.70
"Custom ""Nevis""",84,37.00
"Custom ""Next Boat""",147,36.30
"Custom ""Nike""",78,41.70
"Custom ""Nirvana""",69,39.60
"Custom ""Nirvana""",69,39.60
"Custom ""Nora""",186,40.50
"Custom ""Numbers 94""",-6,47.60
"Custom ""OcEaN Commotion""",111,34.00
"Custom ""Ocean Drive""",93,38.20
"Custom ""Olian Lee""",174,36.00
"Custom ""Oracle""",6,43.90
"Custom ""Orion""",48,41.00
"Custom ""Outsider""",69,39.50
"Custom ""Palawan VI""",63,59.70
"Custom ""Panic""",168,28.00
"Custom ""Patience""",117,43.80
"Custom ""Pax NZL""",6,42.90
"Custom ""Pequot""",66,44.30
"Custom ""Phantom""",81,57.00
"Custom ""Picante""",-30,47.50
"Custom ""Polar Spirit""",171,36.00
"Custom ""Presto""",45,42.30
"Custom ""Ptarmigan""",-57,52.80
"Custom ""Pterodactyl""",36,42.40
"Custom ""Pterodactyl""",,43.00
"Custom ""Pursuit""",48,47.50
"Custom ""Quadrille""",60,45.00
"Custom ""Queequeg""",186,40.00
"Custom ""Quest""",111,42.80
"Custom ""Quintessence""",93,38.20
"Custom ""R WAVE 3""",6,41.00
"Custom ""R Wave""",42,42.20
"Custom ""Raindance""",117,37.70
"Custom ""Rampage""",66,41.00
"Custom ""Rampant""",18,39.30
"Custom ""RamRod""",-27,47.00
"Custom ""Ranger""",63,40.90
"Custom ""RASCAL""",156,29.10
"Custom ""Raven""",6,47.40
"Custom ""Raven""",,42.40
"Custom ""RAZZLEBERRY DRESSING""",81,35.70
"Custom ""Real McCaw""",129,34.50
"Custom ""Rebel""",132,39.40
"Custom ""Rumours""",-3,37.10
"Custom ""Rush""",63,40.00
"Custom ""Salty""",66,45.00
"Custom ""Samantha""",12,48.80
"Custom ""Scamp""",24,44.20
"Custom ""Scaramouche of Warwick""",57,47.90
"Custom ""Scaramouche""",30,53.80
"Custom ""Sceptere'd Isle""",42,62.80
"Custom ""Scherherazade""",24,40.00
"Custom ""Sea Leaf""",36,58.00
"Custom ""Sea of Love""",132,34.80
"Custom ""Secret Affair""",30,43.00
"Custom ""Secret""",45,42.80
"Custom ""Sedona""",18,42.90
"Custom ""Seguin""",144,42.60
"Custom ""Selkie""",108,38.30
"Custom ""Serenity II""",24,51.50
"Custom ""Serif""",162,30.00
"Custom ""Settler""",57,42.10
"Custom ""Sforzando""",12,44.60
"Custom ""Shamrock Sensation""",33,40.30
"Custom ""Shearwater""",186,54.00
"Custom ""Sheerness""",45,41.10
"Custom ""Shenanigans""",54,39.60
"Custom ""Shere Khan""",15,44.70
"Custom ""Sherpa""",114,35.00
"Custom ""Silly Goose""",81,49.00
"Custom ""Silver Star""",69,39.30
"Custom ""Simba""",84,48.80
"Custom ""Sirena""",,43.00
"Custom ""Sixty-Six""",90,39.70
"Custom ""Skoal VIII""",102,29.80
"Custom ""Slider""",36,41.70
"Custom ""Snow Leopard""",-9,50.20
"Custom ""Snow Lion""",-9,50.20
"Custom ""Somerset""",51,45.00
"Custom ""Sonny""",-6,69.80
"Custom ""Spank Me BT""",-90,82.20
"Custom ""Spank Me""",48,44.20
"Custom ""Spitfire""",6,47.20
"Custom ""Springbok""",12,50.30
"Custom ""St. Francis VII""",132,32.90
"Custom ""Stampede""",18,58.00
"Custom ""Starbuck""",165,40.00
"Custom ""Stars & Stripes""",-42,52.50
"Custom ""Stars and Stripes""",-39,50.20
"Custom ""Streaker""",108,33.70
"Custom ""Sunburst""",144,29.00
"Custom ""Surcease""",261,20.60
"Custom ""Surface Effect""",18,50.30
"Custom ""Sweet Witch""",63,41.00
"Custom ""Swept Away""",54,47.90
"Custom ""Tabasco""",45,46.20
"Custom ""Tabasco""",63,38.50
"Custom ""Tahitian""",144,42.10
"Custom ""Talisman""",81,44.20
"Custom ""Talisman""",-39,52.80
"Custom ""Tamarack""",81,37.80
"Custom ""Tamarack""",93,37.80
"Custom ""Tardis""",90,37.90
"Custom ""Taxicab""",201,24.40
"Custom ""Tewk""",180,37.00
"Custom ""The Knife""",78,31.40
"Custom ""Thunderhead""",42,58.10
"Custom ""Ticonderoga""",39,72.00
"Custom ""Tiger Too""",99,48.00
"Custom ""Tigger""",156,29.40
"Custom ""Tinette""",93,42.90
"Custom ""Titan""",-138,74.80
"Custom ""Top Gun""",69,39.60
"Custom ""Toscana""",30,50.90
"Custom ""Trader""",-72,70.00
"Custom ""Uarshek 2""",-33,49.30
"Custom ""Vanpire""",72,40.70
"Custom ""Verna""",120,54.50
"Custom ""Vixen""",120,38.80
"Custom ""Voidoid V""",105,32.90
"Custom ""Wahoo""",3,41.50
"Custom ""Wai Rere""",33,31.30
"Custom ""War Stories""",48,40.20
"Custom ""Watch Out""",102,29.80
"Custom ""Wave Train""",60,39.50
"Custom ""Wave Train""",63,39.50
"Custom ""Whisper""",72,50.20
"Custom ""Who's Yo Daddy""",-6,44.80
"Custom ""Wild Woman""",27,45.30
"Custom ""Wildcat""",75,43.20
"Custom ""Wind's Way""",69,46.80
"Custom ""Windrush""",96,41.80
"Custom ""Wired""",45,40.20
"Custom ""Wonder""",-15,47.20
"Custom ""Zam Zam""",318,18.20
"Custom ""Zaraffa""",-99,66.50
"Custom ""Zephyr""",168,26.00
Custom 105 - WHITEHAWK,-24,105.00
Custom 21 Frogger,120,21.30
Custom 21 Valkyrja,93,21.30
Custom 22 Blue's Brother,255,22.00
Custom 25 Cassiopea,240,32.00
Custom 25 EINSTEIN,147,25.20
Custom 26 TRILOGY,186,26.00
Custom 28 Unplugged,78,28.00
Custom 30 Cowboy,111,30.00
Custom 30 Details,114,29.97
Custom 30 Motion,90,30.00
Custom 30 Narwana,102,29.90
Custom 30 Overproof,42,30.00
Custom 32 Arabesque,150,31.55
Custom 32 Bluto,75,32.00
Custom 32 RockIt 2.0,69,32.00
Custom 33 REVELATION,111,33.00
"Custom 34 ""Aida""",216,33.80
"Custom 35 ""In Theory""",45,34.90
Custom 35 ZEFIRO TORNA,33,35.00
"Custom 36 ""Rampant""",21,36.00
Custom 37 Breakaway,84,36.50
Custom 38,108,38.80
Custom 38 NEVIS,81,38.00
Custom 39 Fidelio,183,39.00
Custom 39 Three Beans,27,39.00
Custom 40 AVRA,21,40.00
Custom 40 Caliente,51,40.20
Custom 40 COALITION,57,39.60
Custom 40 Desperado,9,40.20
Custom 40 Gitana,204,39.69
Custom 40 SOULMATES,30,40.18
Custom 40 Spectre,51,39.70
Custom 40 Spookie,-45,40.00
Custom 40 TRADER,63,39.50
"Custom 42 ""Golden Eye""",165,42.00
Custom 43 AFTERGLOW,69,43.80
Custom 43 TENACIOUS,66,42.90
Custom 44 Miracle,12,44.60
Custom 45 Arion,,44.50
Custom 46,81,46.40
Custom 46 ???,54,46.00
Custom 46 NELLIE,129,46.50
Custom 47 Carrilon,111,47.50
Custom 47 IRIE,9,47.00
Custom 47 WIRED,-6,47.00
Custom 48,27,49.50
Custom 48 Acadia,126,48.50
Custom 48 Puffin,84,47.58
Custom 48 WATER WITCH,18,48.80
Custom 49,-30,49.00
Custom 49 Hiro Maru,81,49.55
Custom 50 ANGELITA,111,50.30
Custom 50 FALCON,-36,50.00
Custom 50 NOR'EASTER,111,49.90
Custom 50 SNOW LION,-39,50.40
Custom 50 STAR,123,50.00
Custom 50 TENHO,75,50.50
Custom 53 BERNICE,84,53.30
Custom 54 SALTY GOOSE,30,54.00
Custom 55 Hussar,15,55.00
Custom 55 Irie 2,-60,54.40
Custom 55 SIRENA 3,-39,55.00
Custom 56 CAPER,60,56.30
Custom 56 FLYING GOOSE,30,56.30
Custom 60 Reef Points,-60,60.05
Custom 65 Selemat,51,65.29
Custom 65 The Blue Peter,39,65.00
Custom 68 BLACK WATCH,39,67.90
Custom 68 Simon Says,-75,68.48
Custom 72 Sirona,-75,72.00
D&M 22,234,22.00
Dana 24,228,24.20
Davellar 27,204,27.20
Dawn 41,111,41.10
Dawn 48 Ketch,96,48.00
DB 1,117,33.00
DB 2,111,33.90
Deerfoot 2-62,57,62.10
Dehler 34,132,33.10
Dehler 36,84,35.80
Dehler 38-2,72,37.07
Dehler 38-Fractional,93,38.70
Dehler 41 CR,93,40.10
Dickerson 37,189,37.00
Dolphin 23/24,248,22.80
Doughdish 12.5,360,15.80
Down East 38 Sloop,228,38.00
Dragon 29,228,29.00
Dufour 24,240,24.00
Dufour 25/1800 IB,228,25.00
Dufour 25/1800 OB,213,25.10
Dufour 27,225,27.00
Dufour 2800,201,28.00
Dufour 29,186,29.00
Dufour 30 Arpege,219,30.00
Dufour 30CS SR,174,30.00
Dufour 31 SD,192,31.00
Dufour 31 TM,180,31.00
Dufour 34,168,34.00
Dufour 35,159,35.30
Dufour 35 Valentijn 4800 TM,150,35.00
Dufour 36 Classic,,36.33
Dufour 36 Classic,132,36.30
Dufour 36 P,78,36.00
Dufour 40 A9000,93,40.00
Dufour 40 TM,78,40.50
Dufour 512,63,48.11
Dufour F 31 3800,168,30.50
Dufour Frers 30 Frac.,168,30.00
Dufour Frers 30 Masthead,177,30.00
Dutch Flyer 31,234,31.00
E Sailing Yachts 33,105,33.50
Elan 32,165,32.80
Elan 434 Shoal Draft,126,43.10
Elan 450 Racing,57,44.90
Elan 450 Shoal Draft,66,44.60
Elite 29 Short Mast,168,29.50
Elite 30,150,30.00
Elite 30 S,150,30.50
Elite 32,150,31.80
Elite 324,168,32.30
Elite 346,126,34.20
Elite 37,108,37.10
Elliot 770,117,25.30
"Elvstrom Mod T2 ""Different Drummer""",162,31.40
Endevour 32,192,32.00
Endevour 33,180,32.60
Endevour 35,135,35.40
Endevour 37 BS,186,37.00
Endevour 38,132,38.30
Endevour 40,171,40.00
Endevour 42,144,42.30
Endevour 43,150,43.00
Endevour 43 K,153,43.00
Ericson 23,264,23.00
Ericson 23-2 Keel,222,22.90
Ericson 25 FK,234,25.00
Ericson 26,234,26.00
Ericson 26-2 SD,210,25.80
Ericson 27,237,27.00
Ericson 28+,201,28.00
Ericson 28+ Shoal Draft,207,28.00
Ericson 28-2,198,28.00
Ericson 29,207,29.00
Ericson 29-2,192,29.00
Ericson 30+,168,30.00
Ericson 30-1,201,30.30
Ericson 32,198,32.00
Ericson 32-2,180,32.00
Ericson 32-3,156,32.40
Ericson 32-3 Shoal Draft,162,32.40
Ericson 33,135,33.00
Ericson 34,144,34.00
Ericson 34-2,123,34.80
Ericson 35,198,35.00
Ericson 35-2,162,35.00
Ericson 35-3,135,35.50
Ericson 36,114,36.00
Ericson 37,120,37.00
Ericson 38,111,38.00
Ericson 38 Shoal Draft,123,37.80
Ericson 38-2 Wing,114,37.70
Ericson 381,117,38.00
Ericson 39,114,39.00
Ericson 41,132,41.00
Ericson 46,75,46.00
Ericson Cruising 36,162,36.00
"Ericson Mod 39 ""Naiad II""",111,39.00
Esse 850,81,27.80
ETAP 21,252,21.50
Etchells,126,30.00
Etchells Mod 22,126,29.90
Europa 48,24,49.00
Evelyn 24,192,24.00
Evelyn 25,147,24.90
Evelyn 26 Fractional,174,25.90
Evelyn 26 MH,162,25.90
Evelyn 29,162,29.00
Evelyn 30,171,30.00
Evelyn 32,150,32.00
Evelyn 32-2 Inboard,102,32.00
Evelyn 32-2 Outboard,96,32.00
Evelyn 36,114,36.00
Evelyn 42,45,42.20
"Evelyn Mod 36 ""Stack O' Barley""",108,36.00
Express 27,132,27.00
Express 34,105,34.00
Express 35,114,35.00
Express 37,72,37.10
Express 37-2,72,37.10
Express 62,57,61.10
F&C 30,165,30.00
F&C 44 Centerboard,135,44.00
Fahnrich 31,201,31.30
Farr 10.20,114,33.90
Farr 11S,-48,36.70
Farr 27,186,27.00
Farr 30,51,30.90
Farr 30 ODR,51,30.80
Farr 31,84,31.50
Farr 33,105,33.80
Farr 33-2,108,33.80
Farr 36,,36.00
Farr 36 ODR,6,36.10
Farr 37 Dickerson,87,37.00
Farr 39 ML,9,39.30
Farr 395,30,39.30
Farr 395 SD,51,39.30
Farr 40,-3,40.70
FARR 400,-9,38.71
Farr 44,,44.50
Farr 47,-18,47.50
Farr 52,-60,52.00
Farr 60,-78,60.20
Fast 40,87,39.80
Fast 410 SD,87,41.00
Fastnet 45,117,44.90
Feeling 326,144,31.10
Finn 351 FR,120,35.30
Finn 381,111,38.10
Finn Flyer 31,162,30.85
Finn Gulf 28,156,28.30
Finn Gulf 38,117,38.00
Finn Gulf 391,87,39.30
Finya 53 Ketch,90,52.90
Flying Buffalo 36,234,35.60
Flying Tiger 10M,54,32.70
Folkboat,312,25.00
Formosa 45,162,45.00
Freedom 21,222,21.70
Freedom 24-2,168,24.50
Freedom 25,201,25.70
Freedom 30 SD,189,30.00
Freedom 32 DK,165,32.70
"Freedom 32 M ""Petrel""",159,32.70
Freedom 33 CB,177,33.00
Freedom 35,141,35.30
Freedom 35 W,156,35.40
Freedom 36 Sloop,153,36.50
Freedom 36 Sloop Shoal Draft,150,36.50
Freedom 38,156,37.90
Freedom 39,171,39.00
Freedom 39 K,159,39.00
Freedom 40,102,40.40
Freedom 40 CB,180,40.00
Freedom 44,132,44.00
Freedom 45,120,44.40
Freedom 45 W,126,44.40
"Freedom Mod 36 ""Hot Water""",144,36.50
"Freedom Mod 36 ""Way to Go""",150,36.50
"Freedom Mod 40 ""Etoile""",168,40.00
Frers 30,129,29.90
Frers 31 Tall Mast,165,31.00
Frers 33,111,33.30
Frers 36,90,36.20
Frers 38,78,38.50
Frers 38 W,84,38.00
Frers 41,75,40.50
Frers 41 OFS,78,40.50
Frers 41 Tall Mast,72,40.50
Frers 41 W,78,40.50
Frers 43 Tall Mast,90,43.00
Frers 45,39,45.00
Frers 45 W,54,45.00
Frers 50,27,50.00
Frers F3,96,36.20
Frers F3 Tall Mast,93,36.20
Friendship 40,102,41.30
Fuji 35 Ketch,216,35.00
Galaxy 32 CB,192,32.00
"Ganbare Mod 35 ""B.E.Witch""",111,35.00
"Ganbare Mod 35 ""Not by Bread Alone""",102,35.00
"Ganbare Mod 35 ""Sleeper""",108,35.50
Gannet 40,81,39.90
Ginn Fizz,156,0.00
Given 27,192,27.00
Gladiator 24/23,240,24.00
Gladiator 33,141,32.80
Golden Eye 18,258,18.00
Golden Gambit 26,195,26.00
Golden Wave 42,96,42.00
Goman Express 20,234,20.00
Goman Express 35,114,35.00
GP 26,81,25.92
Grampian 23,270,23.00
Grampian 26 Inboard,228,26.00
Grampian 28,201,28.00
Grampian 30 TM,189,30.00
Grand Soleil 36,129,35.80
Grand Soleil 36 TM,120,35.80
Grand Soleil 37,78,38.10
Grand Soleil 39 TM,108,41.00
Grand Soleil 46.3 SD SR,78,45.80
Grand Soleil 46.3 SR,72,45.80
Grand Soleil 50-2 DK,66,50.00
Great Dane 28,237,28.00
Greenwich 24,270,24.00
Gulf Coast 22,222,22.00
Gulf Coast 23,276,23.00
Gulf Coast 26,234,26.00
Gulfstar 32,276,32.00
Gulfstar 37,156,37.00
Gulfstar 39 Sailmaster,144,39.60
Gulfstar 40,102,40.00
Gulfstar 40 Motorsailer,186,40.00
Gulfstar 41,150,41.00
Gulfstar 41 K,159,41.00
Gulfstar 43,123,43.00
Gulfstar 44 Tall Mast,156,44.70
Gulfstar 54,117,54.50
Gulfstar 60 SD,48,60.50
Gulfstream 30,210,30.00
Halberg Rassey 29,198,29.20
Halberg Rassey 31,222,31.00
Halberg Rassey 34,144,33.80
Halberg Rassey 352,180,34.60
Halberg Rassey 36,153,35.70
Halberg Rassey 42,162,42.00
Halberg Rassey 43,135,44.00
Hans Christian 33,222,32.80
Hans Christian 41,162,40.90
Hans Christian 43,150,43.00
Hanse 341,135,34.00
Hanse 345 Shoal Draft,141,34.12
Hanse 370 e,114,37.30
Hanse 375,114,37.25
Hanse 400,78,39.70
Hanse 430e DK,81,43.60
Hanse 470e,39,46.60
Hanse 545,24,53.30
Hanse 575,54,56.25
Hanse 575 Deep Keel,48,56.25
Harbor 20,231,20.00
Harbor 25,177,25.75
Harmony 22,192,22.00
Hartmann Palmer 38 CB,126,38.00
Hawkfarm 28 MH,162,28.00
Helms 30,198,30.00
Henderson 30 ODR,42,30.80
Heritage 1 Ton,117,36.90
"Heritage Mod 1T ""Vamoose""",117,36.00
"Herreshoff ""S"" boat ODR",210,27.00
Herreshoff 18,321,18.20
Herreshoff 28 Ketch,255,28.00
Herreshoff 28 Sloop,171,28.00
"Herreshoff Mod 28 Ketch ""Helena""",258,28.00
Herreshoff Rozinante Canoe Yawl/Ketch,216,28.00
Hinckley 35 Y,189,35.50
Hinckley 35 Y TM,186,35.80
Hinckley 36,252,36.00
Hinckley 38,156,37.40
Hinckley 38 SR,165,37.50
Hinckley 40-2 Yawl,177,40.80
Hinckley 41,150,41.00
Hinckley 41 Y,165,41.20
Hinckley 41Comp,132,41.40
Hinckley 43,117,42.80
Hinckley 43C,69,43.00
Hinckley 51 Comp,42,51.00
Hinckley 57 Yawl,36,57.00
Hinckley 59 CB,57,59.30
Hinckley Bermuda 40 Mk I,174,40.00
Hinckley Bermuda 40 Mk II,174,40.00
Hinckley Bermuda 40 Mk III,165,40.80
Hinckley Bermuda 50,-30,49.80
Hinckley Pilot 35,183,34.30
Hinckley Sou'wester 42 CB,105,42.80
Hinckley SW 42-2 CB,90,42.30
Hinckley SW 51,69,50.80
Hinckley SW 51 Yawl Centerboard,72,51.16
Hobie 33,105,33.00
Hobie 33 Tall Mast,99,33.00
Hobie Magic 25,42,24.50
Holiday 30,288,30.00
Holiday 35,186,35.00
Holland 30 T2,159,30.00
Holland 36 One Ton,111,36.00
Holland 41,90,41.00
Holland 47,60,47.00
Holland 52,57,52.00
Hood 2 Ton,84,42.00
Hood 35,147,38.00
Hood 36 1 Ton,108,36.00
Hood 38,126,38.00
Hood 52,75,52.40
Hughes 25,234,25.00
Hughes 38-1,153,38.00
Humphries 38,105,37.80
Hunter 23 WK,240,23.30
Hunter 25 Outboard,228,24.90
Hunter 25 SK,240,25.00
Hunter 25.5,231,25.60
Hunter 26.5,186,26.50
Hunter 26.5 IB,192,26.50
Hunter 27 TM,216,27.00
Hunter 27-2 IB,219,26.50
Hunter 27-2 OB,213,26.60
Hunter 28,189,28.00
Hunter 28.5,183,28.40
Hunter 29.5 ODR,192,29.50
Hunter 30,168,30.00
Hunter 30 CB,174,30.00
Hunter 30-2 T,171,30.00
Hunter 31,165,31.00
Hunter 310 SD,171,30.80
Hunter 320 W,165,30.80
Hunter 33,162,33.00
Hunter 33.5,153,33.30
Hunter 33.6,153,33.50
Hunter 333,153,33.20
Hunter 34,150,34.00
Hunter 340 SD,159,33.80
Hunter 35 Legend,120,35.60
Hunter 35 Legend Wing,135,36.00
Hunter 35.5,144,35.50
Hunter 356 W,132,35.50
Hunter 36,150,36.00
Hunter 37,141,37.00
Hunter 37 Cutter,162,37.00
Hunter 37 Legend,108,37.50
Hunter 37 Legend Wing,120,37.50
Hunter 37 SD,144,37.00
Hunter 37.5 Legend,126,37.00
Hunter 37.6,111,37.30
Hunter 38 W,108,38.20
Hunter 40 Legend,108,39.60
Hunter 40 Legend Shoal Draft,114,40.00
Hunter 40.5 Legend Wing,120,40.20
Hunter 41 DS,132,38.80
Hunter 410,120,40.70
Hunter 42 Passage,102,42.50
Hunter 420,120,40.70
Hunter 426,117,43.30
Hunter 430,114,42.50
Hunter 45 CC,126,45.00
Hunter 45 DS Wing,123,43.20
Hunter 450 Wing,123,44.30
Hunter 460,108,44.30
Hunter 466,108,46.10
Hunter 466 SD,114,46.00
Hunter 54,69,54.00
Hurley 22,300,22.00
Hylas 42,96,42.10
Hylas 46 TM DK,84,46.30
Hylas 47,93,46.80
Hylas 54,63,54.90
Ideal 18 ODR,249,17.90
ILC 40,6,41.00
ILC 46,-15,47.60
Imperial 23,288,23.00
Impulse 21,183,21.00
Impulse 21 MH,183,21.00
Impulse 26 Inboard,138,26.00
Impulse 26 OUtboard,132,26.00
IMX 38,63,37.30
IMX 40,39,39.70
IMX 45 Tall Mast Deep Keel,-3,45.10
"International ""H""",189,27.00
International 600,186,0.00
International One Design,150,33.00
Intrepid 35,162,35.00
Intrepid 35 Tall Rig,159,35.00
Intrepid 40,141,40.00
Irwin 1/2 Ton,168,30.10
Irwin 23,234,23.00
Irwin 24,237,24.00
Irwin 24 1/4 Ton,216,24.00
Irwin 25 10/4,270,25.00
Irwin 25 Centerboard,225,25.00
Irwin 28-1,204,28.00
Irwin 30,174,30.00
Irwin 30 Centerboard,180,30.00
Irwin 30 Citation,180,30.00
Irwin 30 Competition,171,30.00
Irwin 31,204,31.00
Irwin 31 Citation,165,31.20
Irwin 32,174,32.00
Irwin 32 Citation Shoal Draft,165,32.33
Irwin 32.5 Ketch,234,32.60
Irwin 34,153,34.00
Irwin 34 Citation,165,34.30
Irwin 35 Citation,135,35.40
Irwin 37 Competition,126,37.00
Irwin 37 Ketch,198,37.00
Irwin 37 One Ton,123,37.00
Irwin 38-2,144,38.00
Irwin 39 Citation CB,135,39.90
Irwin 40,168,40.10
Irwin 40 Citation CB,126,39.40
Irwin 41 CB Ketch,150,41.00
Irwin 46,180,45.50
Irwin 52-3 Ketch,105,52.00
Irwin 54 Ketch,105,58.40
Irwin 68,78,67.90
Island Packet 29,216,29.00
Island Packet 31,198,31.00
Island Packet 35,192,38.00
Island Packet 38,168,38.00
Island Packet 40,159,41.50
Island Packet 41,159,41.60
Island Packet 44,135,44.50
Island Trader 38 Ketch,210,38.00
Island Trader 41 Ketch,240,40.00
Islander 23,240,23.00
Islander 24,258,24.00
Islander 26,228,26.70
Islander 28,198,28.00
Islander 29/30,246,29.00
Islander 30-2,183,30.00
Islander 32-2,186,32.00
Islander 32-3,168,32.00
Islander 33,234,33.00
Islander 34,210,34.00
Islander 34-2 Wing,156,34.30
Islander 36,144,36.00
Islander 37 Ketch,222,37.00
Islander 40 Ketch,276,40.00
Islander 55 CB,75,55.00
Islander Bahama 24,264,24.00
Islander Bahama 30,180,29.90
Islander Bahama 36,216,36.00
Islander Excalibur 26,222,25.10
Islander Peterson 40,84,39.60
J Boats 100,81,32.80
J Boats 100 SD,90,0.00
J Boats 105,87,34.50
J Boats 105 ODR,96,34.50
J Boats 105 SD ODR,111,34.50
J Boats 109,63,35.30
J Boats 111,30,36.42
J Boats 112e,54,36.00
J Boats 120,45,40.00
J Boats 120 OD,,40.00
J Boats 120 SD,54,40.00
J Boats 122,33,40.00
J Boats 124,42,40.70
J Boats 125,-6,41.00
J Boats 130,30,42.70
J Boats 133,9,43.00
J Boats 145,-21,48.10
J Boats 145C,-18,48.00
J Boats 160,3,52.70
J Boats 22,177,22.50
J Boats 24,174,24.00
"J Boats 24 Special ""Erendil""",171,24.00
J Boats 27-1,129,27.50
J Boats 27-2,123,27.50
J Boats 28,177,28.40
J Boats 28 SD,183,28.40
J Boats 29 Fractional Inboard,126,29.00
J Boats 29 Fractional Outboard,120,29.00
J Boats 29 Long J OB,117,29.00
J Boats 29 Masthead Inboard,120,29.00
J Boats 29 Masthead Outboard,114,29.00
J Boats 30,141,30.00
J Boats 30 ODR,135,30.00
J Boats 32,120,32.40
J Boats 32 SD,126,32.00
J Boats 33,87,33.50
J Boats 34,120,34.00
J Boats 34C,126,34.50
J Boats 35,72,35.50
J Boats 35 C SD,108,35.20
J Boats 35C,102,35.20
J Boats 36,84,36.00
J Boats 37,72,37.50
J Boats 37 Wing,81,37.50
J Boats 37c,72,37.50
J Boats 37c Shoal Draft,81,37.50
J Boats 39,51,39.50
J Boats 40,75,40.30
J Boats 40 SD,87,40.00
J Boats 41,72,41.90
J Boats 42,72,42.00
J Boats 44,30,44.50
J Boats 44 W,51,44.50
J Boats 46,42,46.00
J Boats 46 DK,36,46.00
J Boats 70,117,22.75
J Boats 80,114,26.30
J Boats 80 ODR,129,26.30
J Boats 88,84,29.19
J Boats 90 ODR,51,30.00
J Boats 92,108,30.00
J Boats 92S,99,30.00
J Boats 95,117,31.20
J Boats 97,108,31.53
"J Boats Mod 24 ""Wavedancer""",171,24.00
"J Boats Mod 29 Fr OB ""Wow""",120,29.00
"J Boats Mod 29 Masthead ""Monitor""",117,29.00
"J Boats Mod 34 ""Jagular""",120,34.00
"J Boats Mod 36 ""Smiling Banshee""",84,36.00
"J Boats Mod 41 ""Aeroplane""",69,41.00
Javelin 35,186,35.00
Jeanneau 27 Fantasia,195,27.30
Jeanneau 32 Attalia,147,31.80
Jeanneau 34 Sunrise,132,34.60
Jeanneau 34.2 Sun Odyssey,120,33.80
Jeanneau 349,135,33.90
Jeanneau 35 Sun Odyssey,120,35.30
Jeanneau 35 Sunrise,84,34.80
Jeanneau 36-2 Sunfast,96,37.10
Jeanneau 36.2 Sun Odyssey,150,36.10
Jeanneau 36.5 Sunshine,123,36.50
Jeanneau 3600 Sunfast,51,35.50
Jeanneau 36i Performance,117,35.80
Jeanneau 37 Sun Odyssey,138,37.30
Jeanneau 37-2 Sunfast,114,37.30
Jeanneau 379 Sun Odyssey,90,37.20
Jeanneau 39i Performance Deep Keel,129,38.20
Jeanneau 39i Sun Odyssey SD,141,38.90
Jeanneau 40 Sun Fizz,117,39.00
Jeanneau 40.3 Sun Odyssey SD,99,40.00
Jeanneau 409,96,40.40
Jeanneau 42 DS SD,90,42.40
Jeanneau 43 Sun Odyssey SD,111,43.30
Jeanneau 44 Sun Magic,108,43.80
Jeanneau 45 Sun Kiss,102,43.50
Jeanneau 47 Sun Kiss,87,47.10
Jeanneau 49 Sun Odyssey,108,49.10
Jeanneau 50 DS SD,57,49.50
Jeanneau 509 Sun Odyssey,54,50.40
Jeanneau 51 Sun Odyssey,51,50.30
Jeanneau 52 Sunfast,57,51.00
Jeanneau 53,51,52.70
Jeanneau 990,171,34.00
"Jeanneau Mod Sunrise 34 ""Presto""",132,34.60
Jeanneau Regatta 39 MH,96,39.20
Jensen 24,168,24.00
Jon Meri 40,105,40.00
Jon Meri 40 DK,102,39.70
Jon Meri 48,60,47.70
Jouet 950,177,31.20
Jupiter 30,171,29.40
Kaiser 34,174,34.00
Kaiser 39,174,39.00
Kalik 33 TM,153,33.00
Kalik 40 IK,105,39.50
"Kalik Mod 33 ""Anegada""",150,33.00
Kantor 51,87,51.00
Kelly 24,186,24.00
Kelt 7.6,210,24.80
Ker 11.3,33,37.50
Ker 11.5,30,37.10
Ker 50,-39,50.40
Kettenberg 41,180,41.00
King 24 T,204,24.00
King Summit 40,12,39.80
Kings Cruiser 29,228,28.50
Kings Cruiser 29 Wood,306,28.50
Kinney 46,132,46.00
Kirby 23,168,23.00
Kirby 24,192,24.00
Kirby 24 K,168,24.00
Kirby 25 IB,171,25.20
Kirby 30,141,30.00
Kirby 40,84,40.00
Kirie 396,141,38.50
Kiwi 24,210,24.00
Kiwi 30,159,30.00
Kiwi 35 Outboard,57,35.00
Kiwi 36 One Ton,114,35.90
Kiwi Miniton,216,22.00
Knarr 30,210,30.40
Knarr 35,198,35.00
Knutson 35,192,35.00
Kramer 24,222,24.00
LaCoste 36,132,36.50
LaCoste 42 Special Edition,102,42.20
LaFitte 44,120,44.40
Lager 40,63,39.70
Lager 44,75,44.90
Lancer 28,258,28.00
Lancer 29 Mark I,189,28.70
Lancer 36 7/8,129,36.00
Lancer 36 MH,141,36.00
Landing School 26,207,26.00
Lapworth 24,264,24.00
Lapworth 32,198,32.00
Lapworth 36,162,36.00
Lapworth 40,162,40.00
Lapworth 44,120,44.00
Laser 28,135,28.40
Lazy Jack 32,234,31.70
Liberty 458,138,45.70
Lindenberg 22,210,22.00
Lindenberg 24,165,24.00
Lindenberg 26 IB,183,26.00
Lindenberg 28 Tall Rig,120,28.00
Lindenberg 30,123,30.00
Lindenberg 33,,33.00
Lion 35,234,35.00
Lippincott 30,177,30.00
Lippincott 30 Shoal Draft,180,30.00
Little Harbor 38 CB,126,38.00
Little Harbor 39,75,39.80
Little Harbor 44,111,44.20
Little Harbor 50 CB,69,50.90
Little Harbor 52 CB,69,52.30
Little Harbor 53 CB,69,52.70
Little Harbor 54 Centerboard,69,53.20
Little Harbor 60 CB,30,60.40
Little Harbor 62 CB,30,61.60
Little Harbor 78,24,78.00
Loki Yawl,174,38.10
Lord Nelson 41,156,41.00
LS 10,129,33.00
Luders 23,270,23.00
Luders 30,222,30.00
Luders 33,213,33.00
Luders 36,204,36.00
Luders 44 Ketch,144,44.00
M&R 46,87,46.00
MacGregor 26,219,25.80
MacGregor 65 Cruising,,65.00
MacGregor 65-2 W,21,65.00
Magellan 40,234,40.00
Malo 36,144,36.70
Margon 30-2,171,30.00
Mariah 27,129,27.00
Mariner 28,198,28.00
Mariner 31 Ketch,240,31.00
Mariner 32 Ketch,210,32.00
Mariner 35 Ketch,222,35.00
Mariner 36,162,36.00
Mariner 36 Ketch,177,36.00
Mariner 40 Ketch,204,40.00
Mariner 47,162,46.80
Mark 25,210,24.60
Marshall 18 Sanderling,279,18.00
Marshall 22,273,22.00
Martin 243 ODR,69,24.00
Mason 33,165,33.80
Mason 43,147,43.00
Mason 44,150,43.80
Mason 44 SD,156,43.80
Maxi 108,147,35.40
Maxi 9.5,174,32.00
MC 38,-24,37.24
Medalist 33,237,32.80
Medalist 33 TM,228,0.00
Mega 30 Fixed Keel,150,29.90
Mega 30 One Design,144,29.90
Melges 24 ODR,99,24.00
Melges 30 ODR,42,31.80
Melges 32 OD,24,31.80
Mercer 44 CB,138,44.00
Merit 22 FK,213,22.00
Merit 25,171,25.00
Metal Mast 30,153,29.80
MG 38,102,37.80
Migrant 45 Yawl,102,45.00
Mirage 17,258,17.00
Mirage 24,228,24.00
Mirage 26,210,26.00
Mirage 27-1,204,27.00
Mirage 275,201,27.50
Mirage 28 FR,174,27.50
Mirage 28 Tall Mast,171,27.50
Mirage 29,162,29.00
Mirage 33.8,90,33.80
Mirage 34,93,33.70
Mirage 5.5/20,258,20.00
Montgomery 17,264,17.00
Moody 31,180,30.80
Moody 33 Eclipse,177,32.50
Moody 346,156,34.50
Moody 36,165,36.00
Moody 376,132,37.80
Moody 416,135,41.80
Moody 422,102,42.00
Moody 425,102,41.70
Moody 46 SD,120,46.20
Moody 47,96,46.50
Moore 24,159,24.00
Moore 30 ODR,45,30.00
Moore 30-2,156,30.00
Moorings 39 SD,117,39.30
Morgan 22,246,22.00
Morgan 24,219,24.00
Morgan 25,222,24.90
Morgan 27 Outboard,180,27.00
Morgan 28 CB,204,28.00
Morgan 30 Centerboard,204,30.00
Morgan 30/2,174,29.90
Morgan 32 SD,177,31.80
Morgan 33,168,33.00
Morgan 33 Out Islander,204,34.50
Morgan 33T,156,32.80
Morgan 34 B,192,34.00
Morgan 34 CB,192,34.00
Morgan 35,168,35.00
Morgan 36 One Ton,132,36.00
Morgan 36 Out Island,216,35.80
Morgan 36-4,99,36.00
Morgan 36-5,99,36.00
Morgan 366,111,36.00
Morgan 366 CB,126,36.00
Morgan 366 Short Rig,111,36.00
Morgan 366 SM CB,132,36.00
Morgan 36DS SD,123,0.00
Morgan 38,156,38.00
Morgan 38-2,138,38.00
Morgan 383 / 384,132,38.00
Morgan 40 Ketch,168,40.00
Morgan 41 CB,144,41.00
Morgan 41 Classic TM,183,41.30
Morgan 42-1,126,42.00
Morgan 43,138,43.00
Morgan 44,174,44.00
Morgan 45,60,45.00
Morgan 45 Centerboard,90,45.50
Morgan 45-3 Racer,51,45.00
Morgan 45R M R Wave,45,45.00
"Morgan Mod 27 ""Argo""",183,27.00
"Morgan Mod 27 ""Hellion""",168,27.00
"Morgan Mod 27 ""Suzy Q""",174,27.00
"Morgan Mod 36-4 ""Outlaw""",93,36.00
Morgan Out Island 28,256,28.00
Morgan Out Island 41 K,192,41.00
Morris  M42,105,42.30
Morris 36 DS,117,36.30
Morris 36 DS Shoal Draft,126,36.30
Morris 36 JUSTINE,156,36.30
Morris 40 SD,135,41.90
Morris 45,45,45.00
Morris 46,105,44.50
Mount Gay 30 ODR,66,31.50
Mumm 36,45,35.80
MX 20 Sport,189,19.70
Mystic 24,210,24.00
Nantucket 33,162,33.00
Nantucket Island 38,165,38.00
Nathaniel Herreshoff 25,198,32.30
Naugus 30,222,30.00
Nautica 30,186,30.50
Nauticat 35,180,0.00
Navy 44,93,44.00
Navy 44 Mark 2,81,44.00
Nelson/Marek 41,63,41.00
Nelson/Marek 46PC,,46.60
Nereus 40,159,39.30
Nevins 40,177,40.00
New York 30,135,43.00
New York 32,141,45.00
New York 36,111,36.00
New York 40,93,40.00
New York 40-0,42,66.00
New York 48,78,48.00
New Zealand 45,63,44.70
Newport 20,276,20.00
Newport 27 S,204,27.00
Newport 28-2,198,28.30
Newport 30 Phase I,186,30.00
Newport 30 Phase II & III,180,30.00
Newport 30-3 Shoal Draft,192,30.00
Newport 33,174,33.00
Newport 41,114,41.00
"Newport 41 ""S""",117,41.00
Niagara 30,183,30.00
Niagara 31,162,31.00
Niagara 35,150,35.10
Niagara 42,114,42.00
Nicholson 3/4 Ton,144,33.00
Nicholson 345,147,34.40
Nicholson 35-5,159,35.30
Nicholson 35-7,159,35.30
Nicholson 40,120,40.00
Nicholson 70,48,70.00
Nightwind 35,120,34.80
Noe 27,141,27.30
Nomad 26,237,26.00
Nonsuch 22,246,22.00
Nonsuch 26,207,26.00
Nonsuch 30,192,30.00
Nonsuch 33,171,33.40
Nonsuch 36,156,36.00
Nordic 26 Grinde,183,26.00
Nordic 40,105,39.70
Nordica 30,192,29.90
Norlin 34,114,34.00
Norlin 37,108,37.00
Norseman 400,138,40.00
Norseman 400 SD,144,40.00
Norseman 447,108,44.60
Norseman 447 Shoal Draft,123,44.00
North American 23,240,23.00
North American 40,96,40.00
North Star 1500 SD,159,35.50
North Star 38,150,38.00
North Star 48,108,48.00
North Star 500,228,25.00
North Star 600 SD,204,26.00
North Star 720,204,30.00
Northcoast 30,183,30.00
Northeast 38 Sloop,180,38.00
Northeast 38 Yawl,198,38.20
Northeast 38-2,165,38.10
Northeast 39-2,87,39.20
Northern 24 1/4 Ton,213,23.70
Northwind 40,120,40.40
Northwind 43,108,42.90
Norvega 28,252,28.00
Norwalk Islands Sharpie 26,192,26.30
O'Day 20 CB,264,19.70
O'Day 22,276,21.70
O'day 222,264,21.67
O'Day 23-1 CB,240,23.00
O'Day 240,228,24.60
O'Day 25 CB OB,249,24.80
O'Day 25 FK,240,24.80
O'Day 26  OB,228,26.00
O'Day 26 Outlaw,228,26.00
O'Day 27 IB,204,27.00
O'Day 27 IB Deep Keel,192,27.00
O'Day 28 CB,207,28.30
O'Day 28 IB,201,28.00
O'Day 30 CB,174,30.00
O'Day 30 FK,168,30.00
O'Day 30-2,174,29.60
O'Day 31 SD,168,31.10
O'Day 32 TM,198,31.90
O'Day 322,168,32.20
O'Day 34,156,34.00
O'Day 35,138,35.00
O'Day 35 Shoal Draft,144,34.90
O'Day 37,165,37.00
O'Day 39,126,39.00
O'Day 39 Shoal Draft,132,39.00
O'Day 40 TM SD,114,39.60
O'Day Mariner FK,285,19.20
"O'Day Mod 34 ""Arrythmia""",132,34.00
"O'Day Mod 34 ""Hornet""",132,34.00
O'Day Tempest,264,23.00
Ocean Voyager 60,102,60.00
Offshore 43 Cat Ketch,174,43.20
Offshore 45 Cat Ketch,144,45.00
Offshore Cruising 33,300,33.00
Offshore One Design 34,120,34.00
Ohlson 35,198,35.60
Ohlson 35 Yawl,201,35.00
Ohlson 36,180,36.00
Ohlson 36-1,,36.00
Ohlson 38 Sloop,150,38.00
Ohlson 38 Yawl,162,38.00
Ohlson 38-0 Yawl,141,38.00
Ohlson 38-2,138,38.00
Ohlson Harmony 31,228,31.00
Olson 25,162,25.00
Olson 29 IB,117,29.80
Olson 29 OB,105,29.80
Olson 30 Inboard,114,30.00
Olson 30 Outboard,111,30.00
Olson 34,111,34.00
Olson 34 Tall Mast,108,34.00
Olson 40,51,40.30
Olson 911 E,132,29.90
Olson 911S,126,29.90
Olympic 33,165,33.00
Omega 30,150,30.80
Omega 36,117,36.00
Omega 46,90,46.55
One Design 35 ODR,39,35.00
One Design 48,-33,48.30
Orion 50 Ketch,102,49.50
Outbound 46,93,46.40
Outlaw 26,240,26.00
Overseas 35,180,35.20
Owens 40,147,40.00
Owens 48,147,48.00
Oyster 395 Lightwave,66,39.30
Oyster 43,78,42.40
Oyster Lightwave 48,57,48.00
Paceship 25 Eastwind,300,25.00
Paceship 29 Northwind,192,29.00
Paceship Yachts 23 CB,240,22.60
Paceship Yachts 26,,26.30
Paceship Yachts 28,168,28.00
Paceship Yachts 32/28,156,32.30
Pacific Seacraft 31,210,31.00
Pacific Seacraft 40,150,42.20
Panda 40,180,39.90
Passport 37,132,37.00
Passport 40 TM,135,39.40
Passport 41,132,41.70
Pearson 10M,147,33.00
Pearson 10M TM,144,33.00
Pearson 22,246,22.30
Pearson 23,240,23.00
Pearson 23 Cat Boat,240,23.00
Pearson 25,213,25.00
Pearson 26,222,26.00
Pearson 26 OD,219,26.00
Pearson 27-2,210,26.90
Pearson 28,195,28.00
Pearson 28-2,192,28.00
Pearson 30,183,30.00
Pearson 300,240,30.25
Pearson 303,171,30.30
Pearson 303 Shoal Draft,174,30.30
Pearson 31,174,31.00
Pearson 31-2 Deep Keel,162,30.80
Pearson 31-2 Wing,171,30.80
Pearson 32,165,31.70
Pearson 323,198,32.20
Pearson 33,186,33.00
Pearson 33-2,150,32.50
Pearson 33-2 CB,156,32.50
Pearson 34,144,34.00
Pearson 34 CB,150,34.00
Pearson 34 Tall Mast,138,34.00
Pearson 34-2,144,34.50
Pearson 35,180,35.00
Pearson 36,138,36.00
Pearson 36-2,129,36.30
Pearson 36-2 Centerboard,132,36.30
Pearson 365 Cutter,216,36.40
Pearson 37,108,37.00
Pearson 37 SD,111,36.90
Pearson 386,180,38.30
Pearson 39 CB Sloop,129,39.30
Pearson 39 Centerboard,114,39.30
Pearson 39-2,108,39.30
Pearson 390,175,39.00
Pearson 40,117,40.00
Pearson 419,165,41.90
Pearson 42 BT,198,42.00
Pearson 422 Sloop,168,42.20
Pearson 424 Cutter,168,42.00
Pearson 43,126,43.00
Pearson 530 CB,141,53.60
Pearson Ariel,252,25.60
Pearson Commander,252,25.60
Pearson Countess 44 Ketch,210,44.00
Pearson Electra,273,22.00
Pearson Ensign,252,22.50
Pearson Flyer,141,30.00
Pearson Invader,192,31.00
Pearson Invicta,186,38.00
Pearson Lark,258,24.00
"Pearson Mod 10M ""Captain Morgan""",144,33.00
"Pearson Mod 36 ""Gusto""",,36.00
"Pearson Mod 37 ""Quicksilver""",96,37.00
"Pearson Mod 37 ""Red Duster""",96,37.00
Pearson Renegade,234,27.10
Pearson Triton FR,261,28.50
Pearson Triton MH,246,28.60
Pearson Vanguard,207,32.00
Pearson Wanderer,198,30.30
Peterson 25 1/4 Ton,210,25.00
Peterson 30 1/2 Ton,168,30.00
Peterson 33,144,33.00
Peterson 34,114,34.00
Peterson 37 Wiggers,87,37.00
Peterson 43,63,43.00
Peterson 44 (Kelly),141,43.90
"Peterson Mod 37 Wiggers ""Blue Yankee""",87,37.00
"Peterson Mod 37 Wiggers ""Bootlegger""",87,37.00
"Peterson Mod 37 Wiggers ""Rumble Fish""",87,37.00
"Peterson Mod 37 Wiggers ""Spitfire""",87,37.00
Pisces 21,294,20.80
Plastrend 30,162,30.00
Plastrend 32,156,32.00
"Plastrend Mod 30 ""Jet""",132,30.00
"Plastrend Mod 30 ""Strider""",162,30.00
Pogo 10.5,78,34.40
Pogo 2,120,21.30
Pointon 29,,29.00
Poitin 24,204,23.80
Pretorian 35,141,35.00
Pro 25,78,24.60
Puma 23,240,23.00
Quest 30 IB,93,30.00
Quest 30 OB,84,30.00
Quest 33,90,32.50
Quickstep 24,240,23.90
Quincy Adams 17 ODR,210,26.50
Raider 33,144,33.00
Rainbow 24,258,24.00
Ranger 22,216,22.00
Ranger 23,240,23.00
Ranger 23 Tall Rig,222,23.00
Ranger 26,201,26.30
Ranger 28 TM,186,28.00
Ranger 29,189,28.60
Ranger 30,174,30.00
Ranger 32,162,32.50
Ranger 33,162,33.20
Ranger 37,126,37.00
Ranger Fun,177,23.30
"Ranger Mod 29 ""Emancipate""",183,29.00
"Ranger Mod 30 ""Secret""",168,30.00
"Ranger Mod 33 ""Banoo""",156,33.00
"Ranger Mod 33 ""Hustler III""",150,33.00
RC 44,-45,43.80
Rebel 30,84,30.80
ReediCheep,192,0.00
Rhodes 19 Keel,270,19.20
Rhodes 22 Continental,258,22.00
Rhodes 33 Swiftsure,198,33.00
Rhodes 41,174,40.80
Rhodes Idler,252,25.00
Rhodes Reliant,120,42.00
Rival 38 Cutter,141,37.60
Robb 35,234,35.00
Roberts Bruce 25,237,24.40
Roberts Bruce 29,180,29.00
Robinhood 40,141,40.80
Rocket 22,105,22.00
Rodgers 24,186,24.00
Rodgers 26,171,26.00
Rodgers 32,129,32.80
RS {LDC} {Racing Sailboats} K6,105,19.00
S&S 30,150,30.50
S2 10.3,117,34.00
S2 11.0,147,36.00
S2 11.0C,141,36.00
S2 27 Inboard,186,26.60
S2 6.7,207,22.00
S2 6.9,210,22.00
S2 7.3,234,23.83
S2 7.9,174,25.90
S2 7.9 Fixed Keel,162,25.90
S2 8.0 B,216,26.00
S2 8.5,192,27.50
S2 8.6,162,28.00
S2 9.1,135,29.80
S2 9.1 Short Rig,138,29.80
S2 9.2 A,180,30.00
S2 9.2C,183,30.00
Sabre 28,207,28.00
Sabre 28-2,204,28.00
Sabre 28-3,189,28.00
Sabre 28-3 SD,195,28.00
Sabre 30-1,183,30.00
Sabre 30-1 Shoal Draft,183,30.00
Sabre 30-2,171,29.90
Sabre 30-3,162,30.60
Sabre 30-3 Shoal Draft,174,30.00
Sabre 32,165,32.00
Sabre 34,156,34.00
Sabre 34 CB,162,33.70
Sabre 34-2,141,34.20
Sabre 34-2 CB,147,34.20
Sabre 34-2 W,147,34.10
Sabre 36,126,36.00
Sabre 36 CB,129,36.00
Sabre 362,114,36.20
Sabre 362 CB,132,36.00
Sabre 362 TM,111,36.10
Sabre 362 W,132,36.10
Sabre 38-1,123,37.80
Sabre 38-1 Centerboard,129,37.83
Sabre 38-2,117,38.70
Sabre 38-2 Centerboard,126,38.70
Sabre 38-2 Wing,126,38.70
Sabre 386 Wing,120,38.60
Sabre 402 Shoal Draft,81,40.20
Sabre 402 W,87,40.20
Sabre 42 CB,102,41.80
Sabre 425 WK,99,42.40
Sabre 426,78,42.50
Sabre 426 Mk2,78,42.50
Sabre 426 W,84,42.60
Sabre 452,48,45.20
Sabre 452 W,54,45.20
"Sabre Mod 28 ""Sundancer""",192,28.00
Sabre SPIRIT,75,36.70
Saga 35,150,35.50
Saga 43,84,43.30
Sailstar Courier,234,24.00
Sakonnet 23,234,23.20
Salona 380,78,38.00
Salona 41,54,41.00
San Juan 21,252,21.00
San Juan 23,240,23.00
San Juan 24,216,24.00
San Juan 24 1/4 Ton,210,24.00
San Juan 26,246,26.00
San Juan 28,189,28.00
San Juan 30 TM,171,29.90
San Juan 33,114,33.00
"San Juan 33 M ""Rapport""",108,33.00
San Juan 33S,129,33.00
San Juan 7.7,186,25.00
Santa Cruz 27 OB,147,27.00
Santa Cruz 37,33,37.00
Santa Cruz 40,45,40.00
Santa Cruz 52,-6,53.00
Santa Cruz 70,-66,70.00
Santa Cruz 72,-78,72.30
"Santa Cruz Mod 27 ""Big Bird""",141,27.00
Santana 20,222,20.00
Santana 21,264,21.00
Santana 22,246,22.00
Santana 23,174,23.00
Santana 25,222,25.00
Santana 25 1/4 Ton,210,24.60
Santana 26,298,26.00
Santana 27,298,27.00
Santana 28,186,28.00
Santana 30 1/2 Ton,183,29.90
Santana 30/30 Cruiser,132,30.00
Santana 30/30 Grand Prix,120,30.00
Santana 30/30 Racer/Cruiser,129,30.00
Santana 35,126,35.00
Santana 37,132,37.00
Santana 525,186,25.00
"Santana Mod 30/30 CR ""Riley Coyote""",135,30.00
"Santana Mod 30/30 RC ""Falstaff""",123,30.00
Scampi 30-1,177,30.00
Scampi 30-3,180,29.60
Scampi 30-4,183,29.80
"Scampi Mod 30-4 ""Tootsie""",171,29.80
Scanmar 33,162,33.20
Scanmar 35,159,35.10
Scanmar 37,39,37.00
Schock 22,300,22.00
Schock 25,240,25.00
Schock 34 PC Wing,123,33.90
Schock 346,96,33.90
Schock 34PC,117,33.80
Schock 35,72,35.00
Schock 35 Wing,93,35.00
Schock 40,6,40.00
Schock 41,66,40.80
Schock Harbor 30,120,30.90
Sea Sprite 23,276,22.50
Sea Sprite 27 IB,231,27.00
Sea Sprite 30,225,30.20
Sea Sprite 34,192,33.90
Seafarer 22,270,21.70
Seafarer 24,234,24.00
Seafarer 29,219,28.70
Seafarer 30,183,30.00
Seafarer 30-1,186,30.40
Seafarer 31,222,31.20
Seafarer 31 Mark II,183,31.00
Seafarer 31 Yawl,225,31.20
Seafarer 34,189,34.00
Seafarer 37,132,37.00
Seafarer Challenger 23,264,22.70
Seafarer Kestral,270,23.00
Seafarer Meridian Mk II,252,25.60
Seguin 40,102,39.70
Seguin 44 CB TM,96,45.80
Seidelmann 25 OB,216,25.00
Seidelmann 285,156,28.40
Seidelmann 29.9,177,29.00
Seidelmann 295,177,29.40
Seidelmann 30 SD,180,29.90
Seidelmann 30 T,174,30.00
Seidelmann 34,159,34.00
Seidelmann 37,126,37.00
Seidelmann 37 Shoal Draft Short Rig,138,37.00
Seidelmann 37 Short Rig,129,37.00
Shamrock 30,165,30.00
Shannon 39 Centerboard Cutter,177,38.58
Shark 24,228,24.00
Shark 50,45,52.50
Shields,168,30.30
Shipman 29,177,29.00
Show Barberis 27,192,27.50
Show Barberis 29,180,29.50
Show Barberis 30,162,30.00
Show Barberis 34,128,34.00
Show Barberis 36,126,35.40
Show Barberis 38,108,37.70
Show Barberis 42,84,41.40
Sigma 38,162,38.30
Sigma 41 TM,96,41.80
Signet 20,292,19.80
Sinergia 40,36,39.60
Sirena 38,102,38.10
Sirena 44,75,44.00
Six Meter,132,33.30
Skye 51 K,84,50.80
Snapdragon 24,270,23.00
Soling,150,26.80
Sonar,174,23.00
Sonic 23,216,23.00
South Coast 23,288,23.00
Southern 21,264,20.50
Southern Cross 31,246,30.40
Southern Cross 39,138,43.00
Sovereign 23,252,23.00
Soverel 26,171,26.00
Soverel 26 Inboard,177,26.00
Soverel 27,141,26.50
Soverel 27 Outboard,135,26.50
Soverel 28,222,28.00
Soverel 30,126,30.00
Soverel 33 Inboard,90,33.00
Soverel 36,114,35.80
Soverel 39,60,38.40
Sparkman & Stevens 32,171,32.00
Sparkman & Stevens 34,174,33.30
Sparkman & Stevens 34 TM,162,33.50
Sparkman & Stevens 40,168,40.00
Sparkman & Stevens 47,99,47.00
Sparstep 39,138,38.90
Spice Island 40,180,40.00
Sprinta Sport,207,23.00
SR 21,174,21.10
SR 33 IB,75,33.10
Standfast 33,156,32.80
Standfast 36,126,36.00
Standfast 40,96,40.00
Star ODR,132,22.60
Starwind 27 IB SD,189,26.70
Stevens 47C,93,47.00
Stevens Custom 50,72,49.70
Stonehorse 26,276,23.30
Stuart Knockabout 28,189,28.00
Summit 35,51,35.10
Summit MD 35,45,35.00
Swan 36,150,35.80
Swan 36-2,117,36.00
Swan 37 TM,123,37.00
Swan 371,126,36.80
Swan 38,123,38.30
Swan 39,81,39.30
Swan 391,90,40.00
Swan 40,126,40.00
Swan 40 TM,123,39.30
Swan 40-2,90,40.20
Swan 40-2 CB,93,40.00
Swan 41,105,41.20
Swan 411,84,40.00
Swan 42,78,42.00
Swan 42-2 NYYC Club 42,-6,42.60
Swan 43,111,43.00
Swan 431,84,43.00
Swan 432,96,42.90
Swan 432 SD,108,42.90
Swan 44,87,44.00
Swan 44 SM,90,44.00
Swan 44-3 Mk II Tall Mast,66,43.80
Swan 441C,69,44.50
Swan 442 Mk I,75,44.00
Swan 45,-18,45.40
Swan 46,63,47.00
Swan 46 CB,63,46.90
Swan 46 TM,60,47.00
Swan 46 TM CB,60,46.90
Swan 46-2,54,47.10
Swan 47 Centerboard,78,47.00
Swan 47 Keel,81,47.00
Swan 48,72,48.00
Swan 48 Short Rig,72,47.90
Swan 48 TM,69,47.90
Swan 48-2,39,48.70
Swan 48-2 CB,48,48.60
Swan 51,36,51.20
Swan 51 Centerboard,42,51.30
Swan 53,33,52.70
Swan 53 CB,42,53.00
Swan 53 Shoal Draft,39,52.70
Swan 53-2,30,54.07
Swan 55,51,57.30
Swan 56,-15,56.40
Swan 57,42,57.30
Swan 57 CB,39,57.00
Swan 57 RS,42,57.40
Swan 60R,-36,61.80
Swan 65,54,65.00
Swan 68,-30,67.50
"Swan Mod 42 ""Joss""",72,42.00
"Swan Mod 44 ""Magik""",84,44.00
"Swan Mod 44 ""White Knight""",84,44.00
Swede 55,84,52.60
"Swede Mod 55 ""Mystic""",84,52.60
Sweden Yachts 34,123,33.50
Sweden Yachts 34,126,33.50
Sweden Yachts 340,126,34.00
Sweden Yachts 340 TM W,129,34.00
Sweden Yachts 36 Deep Keel,117,36.10
Sweden Yachts 36 Wing Keel,117,36.10
Sweden Yachts 37,108,36.60
Sweden Yachts 38 (Cruising 38) Wing,108,38.70
Sweden Yachts 38 TM DK,93,38.60
Sweden Yachts 39 (Cruising 38),96,38.70
Sweden Yachts 390,108,39.00
Sweden Yachts 41 TM,81,41.00
Sweden Yachts 41 Wing Tall Mast,93,41.00
Sweden Yachts 45 Wing,54,46.40
"Sweden Yachts Mod 39 ""Pal Joey""",93,38.70
Sydney 36,51,36.00
Sydney 40 ODR,3,40.90
Sydney 41,15,41.00
Sydney 43,-9,43.00
Sydney 60,-72,60.00
Tangent One,66,42.90
Tanton 32 T2,174,32.10
"Tanton Mod 32 ""Ca Va""",162,32.10
Tanzer 22 Keel,240,22.50
Tanzer 26 OB,222,26.30
Tanzer 31,162,30.60
Tanzer 7.5,219,24.60
Taos 34,180,34.00
Tartan 10,126,33.00
Tartan 10 S,126,33.10
Tartan 26,234,26.00
Tartan 27,234,27.00
Tartan 27 Yawl,240,27.00
Tartan 28,180,28.30
Tartan 28-2,192,28.30
Tartan 30 Comp. Folding,174,30.00
Tartan 30 Competition Solid,171,30.00
Tartan 30 Folding Prop,180,30.00
Tartan 30 Solid Prop,177,30.00
Tartan 3000,165,29.90
Tartan 31,159,30.30
Tartan 31 SD,171,30.30
Tartan 33,159,33.00
Tartan 33R,135,33.00
Tartan 34 Folding Prop,183,34.00
Tartan 34 Solid Prop,180,34.00
Tartan 34-2 DK,129,34.40
Tartan 34-2 SD,144,34.40
Tartan 3400 SD,120,34.40
Tartan 3500,123,35.20
Tartan 3500 Wing,129,35.20
Tartan 37 CB,138,37.00
Tartan 37-3,126,37.20
Tartan 37-3 DK,123,37.20
Tartan 3700 CB,111,37.00
Tartan 38,120,38.00
Tartan 3800,114,38.00
Tartan 40 Centerboard,111,40.30
Tartan 40 Centerboard TM,108,40.30
Tartan 4000 Shoal Draft,93,40.70
Tartan 41 Short Keel Short Rig,114,41.00
Tartan 41 short keel.,111,41.00
Tartan 41 Short Rig,105,41.00
"Tartan 41 Tall rig, Deep keel",99,41.00
Tartan 4100 SD,105,41.30
Tartan 4100 SD TR,102,41.30
Tartan 4100 TR,96,41.30
Tartan 42 SD,123,42.00
Tartan 42 SR SD,126,42.00
Tartan 43,96,43.00
Tartan 43 CB,111,43.00
Tartan 44,102,43.10
Tartan 4400,93,45.00
Tartan 4600 CB,90,46.20
Tartan 4700 Wing,84,47.00
Tartan Black Watch 37,168,37.00
"Tartan Mod 10 ""Impulse""",126,33.00
"Tartan Mod 10 ""Menace""",120,33.00
"Tartan Mod 30 ""Aurora""",177,30.00
"Tartan Mod 42 ""Contessa""",111,42.00
Tartan Offshore Cruising Ketch,144,40.70
Tartan Pride 270,129,26.80
Tashiba 40,138,39.90
Taswell 49,102,48.83
Tavana 33 Centerboard Yawl,210,33.00
Tayana 37,192,36.70
Tayana 45,141,43.20
Tayana 52,141,51.40
Tayana 55,51,55.00
Taylor 23 Mini-Ton,228,23.00
Taylor 38,84,37.40
Taylor 40,63,39.60
Taylor 42,45,41.90
"Taylor Mod 38 ""Caliente""",81,37.40
Texas Marine International 27,168,27.00
Texas Marine International 30,180,29.90
Thomas Marine 35,72,35.50
Thompson 850 OB,51,28.50
Tiburon 44,162,44.00
Tiger 23,228,23.00
TOR 40,177,40.00
Toucan 35 Frac.,75,35.00
Transpac 52,-84,52.00
Triangle 32 CB Ketch,219,32.00
Trintella 42,90,42.30
Trintella 45,105,45.00
Trintella 45 Tall Mast,102,45.00
Trintella 47,96,47.30
Tripp 24 Lentsch,228,24.00
Tripp 26 One Design Rig,120,26.70
Tripp 29 Lentsch,240,28.90
Tripp 33,90,33.00
Tripp 36,72,36.00
Tripp 36 Tall Rig,69,36.00
Tripp 37,87,37.00
Tripp 37 Cruising,87,36.90
Tripp 38,66,38.00
Tripp 41,3,41.00
Tripp 47 FR,6,47.00
Tripp 47 MH,6,47.00
Tripp ILC 40-2,15,41.00
Tristar 48 Ketch,81,48.00
Turner 56,-18,56.70
Tylercraft 21,210,21.00
Tylercraft 29,252,29.00
U. S. Yachts 27-1 CB,198,27.00
U. S. Yachts 30,168,29.90
U. S. Yachts 305,234,30.00
U. S. Yachts 46,165,45.50
UFO 22 ODR,153,22.70
Ultra 30,-27,30.00
Valiant 32,162,32.00
Valiant 40,138,39.90
Valiant 50 Short Mast,105,50.70
VAr 37,111,37.80
Vega 27,240,27.10
Venture 224 MH,222,24.60
Venture 23 Newport,258,22.70
Venture 24 MH,228,24.60
Viking 28 IB,198,28.00
Viking 33,132,33.60
Vindo 35,198,35.00
Vinelander 32,210,31.90
Viper 640 One Design Rig,96,21.10
Viper 830 ODR,69,27.50
Walstead 42,78,41.80
Walters 33,135,33.20
Wasa 37,132,37.00
Watkins 27,234,27.00
Watkins 29/30 Sea Wolf Tall Rig,225,30.00
Watkins 32,192,30.50
Wauquiez 33,141,32.80
Wavelength 24,165,24.00
Wavelength 30,123,30.00
West Indies 36,147,36.30
Westerly Yachts 32 Fulmar,171,31.80
Westerly Yachts 34 GK,126,33.90
Westerly Yachts 38,132,38.50
Westerly Yachts 41,129,40.50
Westerly Yachts Corsair 36,144,35.70
Westerly Yachts GK 24,234,24.00
Westerly Yachts GK 29,180,29.00
Westphall 38,171,38.00
Westsail 32,204,32.00
Westsail 42,156,42.00
Westwind 24,240,23.90
Whitby 42,174,42.00
Whitby 45,105,45.40
Whitney 30,186,30.00
Wylie 28,174,28.00
Wylie 34,123,34.00
Wyliecat 30,147,30.40
X Yachts 102,120,32.90
X Yachts 102TM,114,32.90
X Yachts 119,57,39.40
X Yachts 3/4 Ton -1,111,32.90
X Yachts 3/4 Ton -2,111,32.90
X Yachts 302,132,30.60
X Yachts 332,114,33.80
X Yachts 34,99,34.00
X Yachts 35,63,34.80
X Yachts 362,81,36.10
X Yachts 37,69,37.20
X Yachts 372,93,36.30
X Yachts 382,78,37.70
X Yachts 40,48,40.00
X Yachts 402,81,39.70
X Yachts 41,24,40.50
X Yachts 412-2,60,42.30
X Yachts 442,39,44.30
X Yachts 95,144,30.30
X Yachts 99,111,32.80
XC 35,99,34.00
Xp 33,81,32.78
XP 44,30,43.60
XP 44 Tall Mast Deep Keel,15,43.60
Yamaha 30,165,29.40
Yamaha 33 Tall Mast,144,33.30
Yankee 26,228,26.00
Yankee 30,168,30.00
Yankee 30 1 & 2,180,30.00
Yankee 38,120,38.20
Yankee Dolphin 24,243,24.10
ZAP 26,132,26.00
