boat,phrf,loa,displacement
11 Metre One Design,81,33.70,3600
30 Meter,147,30.00,
A Le Comte 35,162,35.00,12000
A Le Comte 46,126,45.60,25000
A Le Comte 52,84,52.00,44000
Abbott 28,198,28.00,
Abbott 33,129,33.30,6300
Able Pointin 24,,24.00,
Accent 26,231,26.30,5280
Aegean 234,234,21.70,2680
Aero 24,240,24.00,
Aerodyne 38,27,37.70,11250
Alajuela 38,222,38.00,27000
Albatross 23,276,23.00,2600
Alberg 30,222,30.00,9000
Alberg 35 Sloop,207,35.00,12800
Alberg 35 Yawl,198,35.00,12800
Alberg 37,162,37.00,16800
Albin 7.9,210,26.00,4200
Albin Ballad Half Ton,180,30.00,7276
Albin Cumulus,195,28.10,7055
Albin Express,174,25.50,3968
Albin Nimbus 42,96,42.00,21500
Albin Stratus 36,153,35.20,11466
Albin Vega 27,192,27.00,5070
Alden 32 Ketch,288,32.00,
Alden 32 Sloop,270,32.00,
Alden 44 Tall Mast,114,44.20,26471
Alden 48 Centerboard,102,48.80,32000
Alden 50,141,50.00,33000
Alden 50 Centerboard,108,50.30,32000
Alden 52 Cutter,48,52.80,43400
Alden 54 CB,48,54.00,40000
Alden Challenger,171,38.40,16200
Alden Malabar,180,38.00,
Alden One Design,192,37.80,6525
Alden Skye,69,53.40,57000
Alerion 26,234,26.00,6000
Alerion 26,207,25.30,4800
Alerion 28,168,28.00,4400
Alerion 28-2,165,28.00,5700
Alerion 33 Express,120,33.00,8700
Alerion 38 ODR,138,38.00,12400
Alerion 38 Y,126,38.40,12400
Alerion 38-2,120,38.20,13500
Alerion 41,99,40.50,16000
Alerion Cat,228,19.20,1750
Allied Chance 30-30,171,30.00,11200
Allied Mistress,216,39.00,20800
Allied Princess,204,36.00,14400
Allied Seabreeze 35 CB,198,35.00,14900
Allied Seawind 32 MK II,234,31.70,14900
Allied SW-30,252,30.00,12080
Allied XL2,168,42.00,19700
Allmand 31,177,30.80,12000
Aloha 10.4,162,34.00,13600
Aloha 28,192,28.00,6750
Aloha 32,177,32.40,9800
American Marine 26,282,26.00,4500
AMF 2100,207,21.00,2200
Amphibian 30,126,29.80,6500
Andrews 26 IB,144,25.60,4000
Andrews 28 Inboard,90,28.00,4160
Antrim 27 IB,93,27.80,2900
Antrim 27 OB,87,27.80,2600
Aphrodite 101,132,33.00,6160
Apogee 50,60,51.00,33144
Aquarius 23,244,23.00,2280
Aquarius 23 Swing Keel,238,23.00,
Archambault 40,39,39.20,15972
Arrow 24,240,24.00,
Atalanta 26,252,26.00,4000
Atlantic 50,9,50.00,11500
Atlantic City Cat 24,282,24.00,8000
Atlantic One Design,153,30.00,5000
Aurora 40 Centerboard,132,40.00,20000
Avance 36,132,35.40,11000
Azzura 310,51,30.80,4750
B 25,141,25.00,2000
B 32 IB,78,32.00,3800
B 32 OB,75,32.00,3800
Baba 30,222,29.50,12500
Balboa 26,216,26.00,3600
Baltic 35,117,34.00,10500
Baltic 35 Tall Mast,111,34.00,10500
Baltic 37,120,37.00,13900
Baltic 38 DP CB,105,38.20,14300
Baltic 38DP,99,38.10,14330
Baltic 39,105,38.80,19000
Baltic 39 Centerboard,111,38.80,19000
Baltic 40,84,39.40,14992
Baltic 42,84,42.40,21500
Baltic 42DP Short Rig,78,41.90,18400
Baltic 42DP TM,75,41.90,18400
Baltic 43,66,43.30,19750
Baltic 43 TM,63,43.30,24000
Baltic 46,81,46.00,25367
Baltic 48DP,42,48.00,28869
Baltic 50,-30,50.00,21400
Baltic 51 Centerboard,57,50.90,36000
Baltic 52,-24,52.00,43000
Baltic 75 Centerboard,-12,75.60,110000
"Baltic Mod 42 ""Stampede""",75,42.40,21000
"Baltic Mod 43 ""Whydah""",60,43.30,22750
Bavaria 32,156,33.90,8598
Bavaria 33,141,34.30,11900
Bavaria 36,132,37.80,12100
Bavaria 37,123,37.00,24500
Bavaria 40,111,41.00,18298
Bavaria 42,99,42.48,18370
Bavaria 44 SD,105,45.50,21164
Bavaria 49 TM,39,49.00,24500
Bavaria 960,177,32.00,8500
Bavaria Match 38,54,37.40,13200
Bayfield 36 C,201,41.00,18500
Bayfield 43 K,192,45.50,21000
Beadon 30,108,30.00,2800
Beneteau 10R,87,33.00,9715
Beneteau 1150 Idyl,153,36.00,14440
Beneteau 1350 Idyl.,126,42.30,22046
Beneteau 210,195,21.00,2200
Beneteau 235,201,21.70,2800
Beneteau 235 W OB,207,23.30,2310
Beneteau 25 PLATU,120,24.60,2755
Beneteau 26,198,26.00,4900
Beneteau 26.5,189,26.50,4800
Beneteau 285 W,192,28.20,6160
Beneteau 29,171,28.70,7014
Beneteau 30 R/C,171,29.60,7600
Beneteau 305,168,30.40,8242
Beneteau 30E,168,32.00,7100
Beneteau 31,135,31.80,7100
Beneteau 310,150,31.00,7054
Beneteau 310 W,162,31.00,7054
Beneteau 311 SD,162,32.25,7716
Beneteau 32 FR,135,32.50,8390
Beneteau 32 MH,141,32.80,8390
Beneteau 325 TM,141,32.40,9680
Beneteau 33.7,126,32.70,10582
Beneteau 33.7 DK,120,32.60,10582
Beneteau 343,162,34.50,10141
Beneteau 343 Shoal Draft,162,35.50,11861
Beneteau 345 Shoal Draft TM,132,36.00,12651
Beneteau 345 TM,123,36.00,10141
Beneteau 35,126,35.00,10450
Beneteau 35s5,129,35.00,12000
Beneteau 35s5 W,132,35.00,12000
Beneteau 35s7,120,35.60,11660
Beneteau 36.7,81,36.00,11552
Beneteau 36.7 Shoal Draft,90,36.00,11552
Beneteau 36s7,111,35.80,11700
Beneteau 37,105,37.70,14000
Beneteau 375,123,37.10,17000
Beneteau 38,108,38.50,15652
Beneteau 38 TM DK,96,40.20,15655
Beneteau 38S5,114,38.20,14520
Beneteau 393 Oceanis,144,39.30,17152
Beneteau 40-2,108,39.80,18210
Beneteau 40.7,54,39.30,15211
Beneteau 40.7 SD,60,39.30,15366
Beneteau 405 Tall Mast,114,40.70,18000
Beneteau 405 Tall Mast Shoal Draft,120,40.70,18500
Beneteau 41 Oceanis,120,39.25,19345
Beneteau 41s5 Wing,105,41.30,
Beneteau 42 CC Wing,132,43.30,22000
Beneteau 42 TM LK,78,43.60,18000
Beneteau 42 TM SD,78,42.80,18600
Beneteau 42s7,63,41.60,20600
Beneteau 42s7 Short Rig Iron Wing,87,42.40,18220
Beneteau 42s7 TR IW,78,42.50,18800
Beneteau 435 SD,87,43.50,24000
Beneteau 44.7,30,44.90,20250
Beneteau 44.7 SD,36,43.80,20126
Beneteau 45 F5 WK,51,44.90,20570
Beneteau 456,66,45.60,22000
Beneteau 456 Very Tall Mast,48,45.00,20311
Beneteau 46,81,46.20,22000
Beneteau 47.7,24,48.60,25353
Beneteau 47.7 SD,30,48.60,
Beneteau 49 SD,54,49.50,27915
Beneteau 50 Tall Mast,66,50.75,28660
Beneteau 51 First Wing Keel,54,51.00,30000
Beneteau 523,66,53.31,30864
Beneteau 54,45,54.80,32838
Beneteau F 38 Shoal Draft TM,114,38.60,15655
Beneteau F 38 TM,105,38.60,15250
Beneteau F 38 VTM,102,38.60,15250
Beneteau Figaro,105,30.00,5000
Beneteau First 24,189,24.50,3527
Beneteau First 28.5,186,28.20,6160
Beneteau First 30,114,31.20,8613
Beneteau First 32s5,141,32.50,10000
Beneteau First 32s5 W,153,32.50,9260
Beneteau First 35 Deep Keel,72,35.00,12125
Beneteau First 40,33,40.16,17412
Beneteau First 41s5,96,41.30,19000
Beneteau First 42 SD,78,43.70,18600
Beneteau First 42 Short Rig,81,43.70,32906
Beneteau First Class 10,99,34.20,5500
Beneteau First Class 10 Fractional,102,34.30,6990
"Beneteau Mod 38 ""Nepenthe""",99,40.20,15655
Beneteau Oceanis 281 W,198,28.50,5732
Beneteau Oceanis 311,156,32.30,7716
Beneteau Oceanis 321 SD,165,32.60,9700
Beneteau Oceanis 323,162,32.80,8449
Beneteau Oceanis 331,156,33.90,11172
Beneteau Oceanis 34,150,33.92,12390
Beneteau Oceanis 350 W,138,33.70,10582
Beneteau Oceanis 351,150,35.00,12000
Beneteau Oceanis 361 Wing,144,36.50,12790
Beneteau Oceanis 37,129,37.80,14359
Beneteau Oceanis 370 Wing,123,35.70,11243
Beneteau Oceanis 373,111,37.80,15013
Beneteau Oceanis 381,138,38.50,14991
Beneteau Oceanis 390 Wing,129,38.30,14300
Beneteau Oceanis 400,111,39.80,16000
Beneteau Oceanis 400 SD,120,39.80,16000
Beneteau Oceanis 40CC,111,40.80,18740
Beneteau Oceanis 411,129,41.70,17196
Beneteau Oceanis 423,132,43.20,19797
Beneteau Oceanis 423 Shoal Draft,138,43.20,19797
Beneteau Oceanis 430,105,42.80,19800
Beneteau Oceanis 44 CC,126,44.60,20500
Beneteau Oceanis 440 Wing,120,44.30,20500
Beneteau Oceanis 45 Shoal Draft,114,45.80,15100
Beneteau Oceanis 461,111,46.60,27000
Beneteau Oceanis 473 SD,72,46.90,24227
Beneteau Oceanis 48 Shoal Draft,72,47.90,34269
Beneteau Oceanis 500,75,49.80,28000
Bianca 101,132,33.00,6160
Black Watch 24,231,24.00,
Block Island 40,174,40.70,20000
Blue Jacket 40,66,39.80,16500
Bluenose 24,264,24.00,2000
Blusail 24,123,24.00,2426
Bombay Clipper 31,204,31.00,10000
Boston Whaler Harpoon 6.2,234,20.00,1700
Bounty 41 II,174,41.00,20000
Bowman 44 Corsair,117,44.30,23500
Bowman 57 K,93,57.00,41276
Bravura 29 SD,81,29.90,4000
Brenta 38,42,38.30,9480
Brewer 12.8 Centerboard,147,42.00,23850
Bridges Point 24,243,24.00,3944
Bristol 24 Corsair,231,24.00,5920
Bristol 26,240,26.00,5700
Bristol 27,225,27.00,6600
Bristol 28,225,28.00,8650
Bristol 29,228,29.00,8400
Bristol 29.9,183,29.90,8650
Bristol 29.9 Centerboard,189,29.90,8650
Bristol 30,216,30.00,8650
Bristol 31.1 XL,219,31.00,11200
Bristol 32,222,32.00,11300
Bristol 33,186,33.60,12800
Bristol 34,186,34.00,11500
Bristol 35,192,35.00,12500
Bristol 35 Centerboard,192,35.00,12500
Bristol 35.5 Keel,156,35.50,15000
Bristol 38.8 Centerboard,135,38.40,20000
Bristol 39 TM,162,39.00,17580
Bristol 40,171,40.20,16800
Bristol 40 Y,171,40.00,18000
Bristol 41.1 Keel/Centerboard,126,41.10,26530
Bristol 41.1 Keel/Centerboard Tall Mast,123,41.10,26530
Bristol 43.3,117,43.30,26530
Bristol 45.5,105,45.20,36000
Bristol 45.5 Centerboard,111,45.30,36000
Bristol 47.7,111,47.60,34660
Bristol 56.6,45,56.40,54000
Bristol Corinthian 19/20,300,19.50,2724
Buccaneer 210 0B,282,21.00,
Buccaneer 220 Outboard,228,22.00,2500
Buccaneer 270 Outboard,207,27.00,5010
Buccaneer 295,168,29.30,6800
Buccaneer 305,210,30.50,10000
"Buccaneer Mod 295 ""Roulette""",168,29.30,6800
Buchan 29,162,29.00,
Buchan 30,180,30.00,
Buchan 305,204,30.00,
C&C 101,84,33.00,8338
C&C 110,93,36.30,10800
C&C 110 CF,90,36.70,10900
C&C 110 DK,87,36.40,10900
C&C 110 DK CF,84,36.70,10800
C&C 110 TPS CF,87,36.30,10900
C&C 115,66,37.80,11800
C&C 121,69,40.00,14100
C&C 121 W,75,40.00,14100
C&C 24,225,24.00,3200
C&C 24 SK,258,24.00,
C&C 25,225,25.00,4100
C&C 25 Inboard,222,25.00,4100
C&C 25 Outboard,228,25.00,4100
C&C 26,210,26.00,5200
C&C 27-1,213,27.00,6431
C&C 27-2,201,27.80,5500
C&C 27-3 Inboard,180,26.50,4420
C&C 27-3 Outboard,174,26.50,4420
C&C 29,177,29.00,7500
C&C 29 Mark II,174,29.00,6700
C&C 29-2 SD,180,29.00,7000
C&C 30,180,30.00,8000
C&C 30-2,159,30.00,8275
C&C 30-2 Wing Keel,171,29.90,8775
C&C 30-3,45,30.01,3995
C&C 31 Corvette,201,31.00,8000
C&C 32,171,32.00,8610
C&C 33,156,33.00,9800
C&C 33 Shoal Draft,159,33.00,
C&C 33-2,132,32.50,9400
C&C 34,147,34.00,10400
C&C 34 CB,153,34.00,11090
C&C 34 XL,93,35.50,11200
C&C 34 XL MD,99,35.50,12525
C&C 34+,105,35.50,12380
C&C 34+ CB,105,35.50,11725
C&C 34+ Wing,105,35.50,12525
C&C 34R,93,35.50,10800
C&C 35 Landfall,156,35.00,13000
C&C 35 Mark III,120,34.70,10825
C&C 35-1,126,35.00,10100
C&C 35-2,123,35.00,13800
C&C 35-2 Centerboard,126,35.00,13800
C&C 35-3,120,34.67,10825
C&C 35-3 CB,126,34.70,11275
C&C 35-3 W,129,34.70,10825
C&C 36,138,36.00,12000
C&C 36 Centerboard,144,36.00,12800
C&C 37,114,37.00,14300
C&C 37+,75,39.40,15900
C&C 37+ CB,81,39.40,16500
C&C 37+ Wing,81,39.40,16440
C&C 37R,63,39.40,15800
C&C 37XL,78,39.40,16700
C&C 38,123,38.00,14700
C&C 38 Centerboard,120,38.00,14700
C&C 38 Landfall,141,38.00,16700
C&C 38-3,108,37.50,14900
C&C 39,108,39.00,17000
C&C 40 Centerboard,102,40.00,17985
C&C 40 Centerboard Tall Rig,99,40.00,17985
C&C 40 Regular Mast & Deep Keel,96,40.00,17450
C&C 40 Regular Mast & Keel,99,40.00,17450
C&C 40 Tall Mast Deep Keel,90,40.00,17450
C&C 41,72,41.00,17750
C&C 41 Centerboard,81,41.00,17500
C&C 41 W,90,40.80,17500
C&C 42,87,42.00,
C&C 42 Landfall TR,144,42.00,18000
C&C 43,81,43.50,29360
C&C 43 Landfall,138,42.10,24000
C&C 43-2,81,43.00,22200
C&C 43-2 TM,75,43.60,20654
C&C 44 CB,69,44.20,20800
C&C 48,75,48.00,28000
C&C 48 Landfall,129,48.00,34000
C&C 50,48,50.00,31100
C&C 51 XL CB,36,52.00,48400
C&C 99 DK,96,32.50,9265
C&C 99 SD,105,32.50,9265
C&C MI-24,228,24.00,
"C&C Mod 32 ""Water Music""",159,32.00,10500
"C&C Mod 33 ""Sparkler III""",147,33.00,
"C&C Mod 34 ""C-Chele""",138,34.00,10400
"C&C Mod 34 ""Resolute""",138,34.00,
"C&C Mod 35-1 ""Decoy""",120,35.00,
"C&C Mod 35-1 ""Osprey""",114,35.00,
"C&C Mod 35-1 ""Zzzoom""",117,35.00,
"C&C Mod 35-2 ""Blue Eagle""",120,35.00,
"C&C Mod 35-2 ""Chickcharnie""",123,35.00,
"C&C Mod 37 ""Ceres""",105,37.00,12700
"C&C Mod 37R ""Wave Train""",66,40.00,16300
"C&C Mod 38 ""Cherokee""",111,37.90,14700
"C&C Mod 43-2 ""Silver Shadow""",81,43.00,
C&C Redline 41-1,120,41.00,17000
C&C Redline 41-2,18,40.70,15100
C&C Redwing 30,204,30.00,7500
Cal 2-29,186,29.00,8000
Cal 2-30,174,30.00,10300
Cal 20,282,20.00,1950
Cal 21,276,21.00,1100
Cal 24,246,24.00,3000
Cal 24 Mk III,222,24.30,3300
Cal 24-2,228,24.00,3700
Cal 25,228,25.00,4470
Cal 25-2 IB,228,25.30,
Cal 25-2 OB,222,25.30,4500
Cal 27 Mark III,204,27.70,5200
Cal 27-2 TM IB,198,27.00,6000
Cal 28 IB,210,28.00,6000
Cal 28-2,180,28.30,7200
Cal 28-2 SD,192,28.20,7200
Cal 29 OB,180,29.00,6232
Cal 3-30,168,30.00,12145
Cal 30,192,30.00,
Cal 31,162,31.50,91700
Cal 33,156,33.00,9000
Cal 33-2,132,33.00,10800
Cal 33-2 SD,132,33.00,10000
Cal 34-1,180,34.00,9620
Cal 34-2,174,34.00,10200
Cal 35 Mk II DK,138,35.00,13000
Cal 36,150,36.00,11200
Cal 36 Cruising,168,36.00,12000
Cal 37,108,37.00,
Cal 39,114,39.00,14600
Cal 39 Mark II Tall Mast,105,39.00,17000
Cal 39 MARK III TM,105,39.00,17000
Cal 39 SD SR,120,39.00,18000
Cal 39-3 SD,117,39.00,17000
Cal 39-4 Wing Keel,108,39.00,17500
Cal 40,126,40.00,15000
Cal 43,102,43.00,20000
Cal 48,96,48.00,25000
Cal 9.2,180,30.00,7000
Cal 9.2 DK,174,30.00,7000
Cal 9.2R,162,30.00,7000
"Cal Mod 34-1 ""Vertago""",168,33.50,9620
"Cal Mod 39-2 ""Sueno""",102,39.00,
Cal T/2 Inboard,198,30.00,5400
Cal T/4 Quarter Ton,234,27.00,2000
Calkins 50,102,50.00,
Cambria 40 Centerboard,114,41.00,28745
Cambria 44 Centerboard,90,46.00,29400
Cambria 46 Centerboard,87,46.30,29400
Cape Dory 22 Typhoon Senior,276,22.42,3300
Cape Dory 25 Outboard,246,24.80,4000
Cape Dory 27,240,27.00,7500
Cape Dory 28,216,28.00,9000
Cape Dory 30 Ketch,228,30.00,10000
Cape Dory 30 Sloop,201,30.00,10000
Cape Dory 30 Tall Mast,192,30.00,10000
Cape Dory 300 MS,306,31.90,11500
Cape Dory 32,192,34.16,11750
Cape Dory 33,183,33.00,13300
Cape Dory 36,156,36.00,16100
Cape Dory Intrepid 9M,198,28.00,9200
Cape Dory Typhoon,300,19.00,2000
Cape Fear 38 Regatta,45,37.80,11131
Cape Henry 21,279,20.90,3195
Capri 22,204,22.00,2150
Capri 22 Tall Rig Wing Keel,207,22.00,2250
Capri 22 WK,213,22.00,2250
Capri 25,174,25.00,2785
Capri 37,75,37.00,11000
Cardinal 46,99,46.40,34575
Carlson 29,201,29.00,
Carrera 280,96,28.00,2997
Carrera 290,111,29.20,4035
Carter 30,174,30.00,7350
Carter 33,180,33.00,7400
Carter 33 TM,174,33.00,7400
Carter 36,120,35.50,12323
Carter 37,120,37.00,15300
Carter 37 MOD Lively Lady,123,37.10,15300
Carter 38,114,38.00,
Carter 39,120,39.00,17500
Carter 41,90,41.60,17600
Cascade 29,228,29.00,3978
Catalina 22,270,22.00,2250
Catalina 22 Sport,273,23.82,2380
Catalina 25 Fixed Keel OB,237,25.00,4500
Catalina 25 OB SK,240,25.00,4150
Catalina 25 TM FK,231,25.00,4550
Catalina 250 CB,216,25.00,3250
Catalina 250 WK,237,25.00,3455
Catalina 27 Inboard,210,27.00,6550
Catalina 27 Shoal Draft Inboard,216,27.00,6550
Catalina 27 Tall Mast Inboard,204,27.00,6550
Catalina 270 W,204,27.00,6240
Catalina 275,189,27.50,5000
Catalina 30,192,30.00,10200
"Catalina 30 Tall Mast, Bow Sprit",183,30.00,10000
Catalina 30 W,201,29.90,10300
Catalina 310 W,177,31.00,10700
Catalina 320 Deep Keel,153,32.50,11300
Catalina 320 W,165,32.60,11700
Catalina 34,156,34.50,11950
Catalina 34 Tall mast,153,34.50,11950
Catalina 34 TM W,162,34.50,12550
Catalina 350 Wing,150,36.40,14012
Catalina 36,150,35.60,15000
Catalina 36 Tall Mast,147,35.60,15000
Catalina 36 TM M SLIGO C,147,35.50,15525
Catalina 36-2,150,36.30,14100
Catalina 38,120,38.00,15900
Catalina 380 W,126,38.40,19500
Catalina 390,126,38.40,19500
Catalina 400 DK,108,40.70,19200
Catalina 400 W,114,40.50,18000
Catalina 42,99,41.80,18000
Catalina 42 Shoal Draft,111,42.00,18800
Catalina 42 W,111,41.80,18000
Catalina 445,108,44.40,24500
Catalina 470 W,123,46.50,27750
Celebrity 19,252,19.00,
Centurion 32,180,32.00,10700
Centurion 38,114,37.60,19600
Centurion 38 Scheel,114,37.70,20200
Centurion 42,75,42.20,24553
Centurion 42 SD,81,42.20,24300
Centurion 47 SD,75,47.00,30000
Centurion 50,81,50.50,30856
Challenger 32,222,32.00,12800
Chance 29,150,32.90,15150
Chance 30/28,162,30.00,
Chance 30/30 Allied,171,30.00,11200
Chance 32,162,32.00,12025
Chance 33,126,39.20,17359
Chance 36,111,36.00,
Chance 37,126,37.00,13200
Chance 39,120,39.00,17359
Chance Offshore 1,132,33.00,13590
Chaser 29,162,29.00,7200
Chaser 33,138,32.80,9865
Cheetah 30 ODR,90,30.30,2300
Cheoy Lee 35 Lion,234,35.00,18000
Cheoy Lee 35 Robb,234,35.00,14700
Cheoy Lee 35 Yawl,246,35.00,
Cheoy Lee 36 Clpr,252,36.00,16250
Cheoy Lee 40 Ketch,168,40.00,28000
Cheoy Lee 41 Offshore Ketch,138,40.90,21120
Cheoy Lee 41 Offshore Yawl,150,40.90,25000
Cheoy Lee 44,126,44.00,27200
Cheoy Lee 44 Cutter,144,44.00,27200
Cheoy Lee 48 Ketch,147,47.80,33000
Cheoy Lee Offshore 27,246,27.00,6900
Cheoy Lee Offshore 31 Ketch,306,31.00,1100
Cheoy Lee Offshore 33 Ketch,300,33.00,10500
Cheoy Lee Offshore 40,186,40.00,20000
Cheoy Lee Offshore 47,108,47.00,33000
Cheoy Lee Pedrick 38,138,38.30,19025
Cheoy Lee Pedrick 41 CB,150,41.00,23000
Cherubini 44,141,50.50,28000
Chesapeake 32,204,32.00,
Chris Craft 26 Pawnee,210,26.00,4800
Chris Craft 32 Cherokee,204,32.80,19000
Chris Craft 37 Apache,153,37.00,14280
Chris Craft 42 Commanche,123,42.00,17641
Chris Craft Capri 26,225,26.00,3920
Chris Craft Capri 30,240,30.00,11740
Chrysler 22 FK,252,22.00,3000
Chrysler 26 CB,228,26.00,5000
Chrysler 26 FK,222,26.00,5500
Chrysler 27 IB,168,27.30,8000
Class 40-1,,39.90,10760
Class 40-3,-3,40.00,9912
Class 40-4,-6,39.99,9921
Clipper Marine 21,270,21.00,1650
CM 1200,18,40.00,10050
Colgate 26,156,25.70,2600
Columbia 10.7 (35),156,35.20,13900
Columbia 22,267,22.00,2000
Columbia 23T,276,22.60,2300
Columbia 24 Challenger,258,24.00,
Columbia 24 Contender,270,24.00,3500
Columbia 26 Mk II,240,26.00,6120
Columbia 26-1 IB,246,26.00,
Columbia 28,228,27.60,5000
Columbia 28 Mark II,222,28.00,7000
Columbia 29 Defender,222,28.00,8400
Columbia 30,180,30.00,10500
Columbia 32 Sabre,210,32.00,4500
Columbia 32 Sabre 5.5,201,32.00,9450
Columbia 32-2,51,32.00,4400
Columbia 34,210,34.00,10000
Columbia 34-2,168,34.00,12000
Columbia 36,162,36.00,13200
Columbia 38,204,38.00,16500
Columbia 39,186,39.00,
Columbia 39-2,174,39.00,
Columbia 39-3,120,39.00,
Columbia 40 Centerboard,174,40.00,19500
Columbia 43,120,43.30,22200
Columbia 43-2,114,43.30,22200
Columbia 43K,114,43.30,20000
Columbia 45 Motor Sailor,186,45.30,27000
Columbia 50,108,50.00,22000
Columbia 50 Yawl,108,50.00,34000
Columbia 8.3,213,27.20,7300
Columbia 8.7,204,29.00,8500
Columbia 9.6,195,32.00,10500
"Columbia Mod 30 ""Blue Hornet""",177,30.00,10500
Comet 1050,156,33.30,11023
Concordia 39 Fractional,177,39.00,
Concordia 39 Fractional Yawl,180,39.00,
Concordia 39 Masthead Yawl,189,39.00,18000
Concordia 40 Fractional,177,40.00,
Concordia 40 Fractional Yawl,180,39.80,18000
Concordia 40 Masthead Yawl,177,40.00,18837
Concordia 41,174,41.00,23400
Concordia 46,6,47.40,21250
Concordia 47,-12,46.80,16750
Constellation 30,192,30.00,
Contention 33,144,33.00,9300
Contessa 26,246,26.00,5400
Contessa 32,180,32.00,9500
Contessa 33,138,32.70,8988
Contessa 33 TM,132,32.70,7300
Contessa 35,111,35.00,14000
Contessa 35 Single Spreader,117,35.00,12907
Contessa 42,75,42.00,17800
Contessa 43,66,42.50,21000
Contessa MOD 33 REBEL,135,32.70,8988
"Contessa Mod 35 ""Crossbow""",114,35.00,
"Contessa Mod 35 ""Huff N Puff""",114,35.00,14000
"Contessa Mod 35 ""Spitfire""",,35.00,
Contest 29,234,29.00,8500
Contest 30,222,30.00,9100
Contest 31,192,31.00,10500
Contest 33,222,33.00,9370
Contest 35,177,34.90,14880
Contest 36S,144,35.80,15985
Contest 36S Wing,147,35.80,17305
Contest 40,186,40.00,
Contest 42 K,186,42.60,26852
Contest 44,120,44.00,39603
Contest 48,186,48.00,38000
Corbin 39,150,38.60,23000
Corby 29,99,29.00,6872
Corby 33,63,32.80,9240
Corel 45 ODR,-24,45.30,15189
Cork 1720,111,26.00,3003
Coronado 23,270,23.00,2200
Coronado 25,228,25.00,4300
Coronado 27 IB,228,27.00,
Coronado 28 IB,216,28.00,
Coronado 30,186,30.00,8500
Coronado 34,174,34.00,10500
Coronado 35 Motorsailer,192,35.00,13000
Coronado 41 Motorsailer,108,41.00,19500
Corsair 24,285,24.00,
CR 38,132,38.00,17000
Crealock 34,207,34.10,13500
Crealock 37,177,36.90,16000
Creekmore 22,204,22.00,1000
Creekmore 23,207,23.00,3000
Creekmore 26,162,26.00,5100
Creekmore 27,159,27.00,6037
CS Yachts 22,226,22.00,2200
CS Yachts 27 IB,198,27.00,6100
CS Yachts 30,156,30.00,8150
CS Yachts 33,150,33.00,10000
CS Yachts 36,129,36.00,15500
CS Yachts 40 Shoal Draft,105,39.25,17000
CS Yachts 40 TM,96,39.30,19000
CSY Yachts 37,180,37.00,19690
CSY Yachts 44,150,44.00,38000
CSY Yachts 50,132,49.60,45000
CT 37,192,37.00,23870
CT 41,237,41.00,27500
CT 65,99,65.00,100000
"Custom ""Abracadabra""",96,37.10,12400
"Custom ""Abracadabra""",51,42.30,13194
"Custom ""Adrenalin""",48,35.10,3300
"Custom ""Aegir II""",204,39.50,18600
"Custom ""African Warrior""",72,41.00,
"Custom ""Aggressive II""",72,37.00,15000
"Custom ""Aggressive""",63,39.70,10724
"Custom ""Agincourt""",3,42.90,14700
"Custom ""Amazing Potato""",57,39.50,11995
"Custom ""Americus""",93,28.60,2700
"Custom ""Angel II""",87,26.80,2300
"Custom ""Aphrodite IV""",63,39.60,12100
"Custom ""Appreciation""",84,40.50,12849
"Custom ""Aquila""",198,41.20,23000
"Custom ""Arabella""",114,46.50,32666
"Custom ""Aries""",60,47.00,
"Custom ""As Larks Harmoniously""",108,33.90,10225
"Custom ""Aurora""",81,43.00,
"Custom ""Aurora""",-78,66.70,40781
"Custom ""Avalanche""",6,41.00,12350
"Custom ""Bandito""",33,45.60,20300
"Custom ""Barfly""",114,34.40,10798
"Custom ""Barnswallow""",141,39.40,22000
"Custom ""Barrister III""",48,42.70,25000
"Custom ""Bingo""",84,35.70,11837
"Custom ""Blackbird""",69,41.00,
"Custom ""Blackwing""",54,30.00,3400
"Custom ""Blue Bayou""",138,35.50,13000
"Custom ""Blue Streak""",36,39.20,10714
"Custom ""Blue Yankee""",36,43.40,17292
"Custom ""Blue Yankee""",-21,47.40,17143
"Custom ""Boomer G""",78,42.70,23832
"Custom ""Bootlegger""",87,42.30,15000
"Custom ""Brandywine""",84,39.80,18000
"Custom ""Brigadoon""",48,57.00,
"Custom ""Brigand""",-24,49.70,200034
"Custom ""Bright Star""",-9,46.50,18315
"Custom ""Bright Star""",-138,77.80,30624
"Custom ""Broadway""",48,51.60,31000
"Custom ""Buckaroo""",57,39.50,12900
"Custom ""Bulldog""",66,40.70,15499
"Custom ""Bullfrog""",87,30.00,6100
"Custom ""Bully""",-9,49.70,22800
"Custom ""Bushranger""",93,21.40,1850
"Custom ""Cabaret""",-6,47.20,18027
"Custom ""Calvados""",162,32.00,
"Custom ""Capriccio""",132,33.20,8660
"Custom ""Caprice""",36,51.50,31967
"Custom ""Carina""",60,48.20,32808
"Custom ""Carrera""",-150,80.10,37571
"Custom ""Cayuse""",24,36.00,8000
"Custom ""Celebration""",72,40.30,14500
"Custom ""Celebration""",36,44.90,27000
"Custom ""Chaika""",117,34.30,12775
"Custom ""Chantyman""",165,32.00,
"Custom ""Chasing Rainbows""",66,41.50,15100
"Custom ""China Doll""",147,34.50,9750
"Custom ""Christopher Dragon""",36,43.00,14976
"Custom ""Christopher Dragon""",66,45.00,
"Custom ""Chute One""",84,37.40,16456
"Custom ""Claddagh""",75,41.50,19608
"Custom ""Claddagh""",57,40.00,16300
"Custom ""Conamor""",75,39.00,13600
"Custom ""Congere""",-90,80.00,
"Custom ""Corsta""",81,60.00,86000
"Custom ""Counterpoint""",159,29.10,11600
"Custom ""Country Pride""",81,43.90,25443
"Custom ""Courageous""",6,66.50,58000
"Custom ""Danger Zone""",-21,32.00,1800
"Custom ""Dauntless""",-30,65.00,
"Custom ""Dawn Treader""",84,39.50,
"Custom ""DEBBIE'S DIAMOND""",63,39.40,13900
"Custom ""Defiance""",33,51.50,34328
"Custom ""Denali""",81,42.30,18456
"Custom ""Dhobie""",99,41.50,26000
"Custom ""Diane""",,49.80,25913
"Custom ""Different Drummer""",63,40.00,6000
"Custom ""Diogenes""",105,36.00,11600
"Custom ""Donnybrook""",-87,72.30,30107
"Custom ""Dragon Fire""",69,41.70,21600
"Custom ""Eclipse""",48,40.30,12300
"Custom ""Elizabeth""",168,36.90,19064
"Custom ""Elske""",123,48.20,36153
"Custom ""Elusive""",,55.00,
"Custom ""Emily""",120,43.80,29010
"Custom ""EnCharette""",72,36.00,9500
"Custom ""Encore""",-73,73.00,73900
"Custom ""Enterprise""",66,52.10,32000
"Custom ""Epic""",69,40.00,
"Custom ""Equation""",-51,50.00,
"Custom ""Equinox""",45,46.20,20319
"Custom ""Equinox""",15,55.00,44859
"Custom ""Essence""",-42,90.00,215000
"Custom ""Evelution""",69,41.10,17625
"Custom ""Exit 12""",210,28.80,7300
"Custom ""Falcon""",-27,56.40,43322
"Custom ""Fazisi""",-69,82.80,48900
"Custom ""Fiddler""",75,41.80,20481
"Custom ""Fiddler""",-30,65.40,58000
"Custom ""Finally""",168,27.00,
"Custom ""Firebrand""",114,35.00,12500
"Custom ""Firewater""",111,36.40,12286
"Custom ""First Rate""",96,43.30,25000
"Custom ""Fling""",117,36.00,
"Custom ""Flying Cloud""",78,43.00,
"Custom ""Flyway II""",-24,55.50,30813
"Custom ""Flyway""",33,47.80,26000
"Custom ""Fortune""",84,50.00,26000
"Custom ""Freebooter""",117,39.00,16500
"Custom ""Froya""",87,46.30,34500
"Custom ""Full Tilt Boogie""",63,39.70,12162
"Custom ""Fury""",48,45.00,18767
"Custom ""Gallant",99,64.30,57879
"Custom ""Gemini""",99,39.20,22000
"Custom ""Glide""",84,36.60,11456
"Custom ""Gray Goose""",-69,72.00,65189
"Custom ""Green Dragon""",60,44.00,19509
"Custom ""Hard Eight""",6,41.00,12350
"Custom ""Harrier""",60,39.60,12483
"Custom ""Harrier""",-15,48.00,17904
"Custom ""Haxan""",198,26.40,3720
"Custom ""Heat Wave""",87,29.90,5400
"Custom ""HERCULES""",-105,79.70,59750
"Custom ""High Five""",15,40.00,11464
"Custom ""High Noon""",-12,41.00,10233
"Custom ""Hissar""",-30,62.90,58000
"Custom ""Hooligan""",36,42.10,11500
"Custom ""Horrendous""",201,36.60,
"Custom ""Hot 'N' Bothered""",192,24.00,2800
"Custom ""HOT FLASH""",111,37.60,10614
"Custom ""Hot Flash""",105,37.00,
"Custom ""Hotspur""",81,40.10,15157
"Custom ""Hullabaloo""",180,21.80,1500
"Custom ""Hydrotherapy""",84,26.30,2090
"Custom ""Idler""",,33.00,
"Custom ""Impression""",111,33.40,8000
"Custom ""Impulse""",63,42.00,
"Custom ""Irascible""",126,30.50,4300
"Custom ""J.A.R.D. Loose""",45,40.00,12750
"Custom ""Javelin""",-36,77.10,76380
"Custom ""Javelin""",-27,49.90,22600
"Custom ""Jingo""",81,42.00,18800
"Custom ""Josher III""",48,52.00,41245
"Custom ""Katabatic""",57,40.00,14000
"Custom ""KITTIWAKE""",45,48.20,36000
"Custom ""Knock on Wood""",114,37.00,19630
"Custom ""Kodiak""",-15,66.40,72518
"Custom ""leilani""",150,50.00,40000
"Custom ""Leverage""",63,40.00,13000
"Custom ""Lickety Split""",150,31.10,7900
"Custom ""Lillian""",273,22.00,2150
"Custom ""Lindy""",87,37.80,12400
"Custom ""Live Wire""",54,42.40,16841
"Custom ""Lotus""",108,33.80,9239
"Custom ""Louisiana Crude""",57,42.40,18100
"Custom ""Lucy Vincent""",189,30.30,7920
"Custom ""MadCap""",102,35.60,11600
"Custom ""Magali""",105,42.50,22046
"Custom ""Magic Moment""",141,52.00,49119
"Custom ""Magic""",171,38.00,
"Custom ""Magic""",60,37.10,10650
"Custom ""Magique Noire""",117,47.80,34000
"Custom ""Masquerade""",195,35.70,14000
"Custom ""Matriarch""",87,29.90,5600
"Custom ""Medallion""",15,52.70,34000
"Custom ""Menace""",105,34.00,
"Custom ""Messenger""",87,38.00,
"Custom ""Midnight Sun""",30,50.00,36013
"Custom ""Midnight Tiger""",57,42.20,17000
"Custom ""Mischief""",84,40.30,17066
"Custom ""Mischievous""",-60,63.40,39932
"Custom ""Mistral""",198,41.70,23000
"Custom ""Mistral""",180,41.60,25000
"Custom ""Misty""",186,34.60,12392
"Custom ""Moby Dick""",,41.90,22000
"Custom ""Mojo""",-57,68.00,28000
"Custom ""Moonbeam""",111,46.00,32000
"Custom ""Moonbeam""",123,40.00,19000
"Custom ""Moondance""",15,48.70,31000
"Custom ""Nasty Medicine""",24,40.00,11360
"Custom ""Necesse""",111,35.70,7275
"Custom ""Nevis""",84,37.00,11252
"Custom ""Next Boat""",147,36.30,15500
"Custom ""Nike""",78,41.70,27500
"Custom ""Nirvana""",69,39.60,12579
"Custom ""Nirvana""",69,39.60,12579
"Custom ""Nora""",186,40.50,18000
"Custom ""Numbers 94""",-6,47.60,20787
"Custom ""OcEaN Commotion""",111,34.00,11000
"Custom ""Ocean Drive""",93,38.20,16060
"Custom ""Olian Lee""",174,36.00,23000
"Custom ""Oracle""",6,43.90,17000
"Custom ""Orion""",48,41.00,15745
"Custom ""Outsider""",69,39.50,13164
"Custom ""Palawan VI""",63,59.70,62000
"Custom ""Panic""",168,28.00,
"Custom ""Patience""",117,43.80,27000
"Custom ""Pax NZL""",6,42.90,13948
"Custom ""Pequot""",66,44.30,23938
"Custom ""Phantom""",81,57.00,65000
"Custom ""Picante""",-30,47.50,17626
"Custom ""Polar Spirit""",171,36.00,16534
"Custom ""Presto""",45,42.30,13194
"Custom ""Ptarmigan""",-57,52.80,25478
"Custom ""Pterodactyl""",36,42.40,13780
"Custom ""Pterodactyl""",,43.00,12597
"Custom ""Pursuit""",48,47.50,18225
"Custom ""Quadrille""",60,45.00,20250
"Custom ""Queequeg""",186,40.00,
"Custom ""Quest""",111,42.80,25000
"Custom ""Quintessence""",93,38.20,16060
"Custom ""R WAVE 3""",6,41.00,13054
"Custom ""R Wave""",42,42.20,16832
"Custom ""Raindance""",117,37.70,14000
"Custom ""Rampage""",66,41.00,
"Custom ""Rampant""",18,39.30,10802
"Custom ""RamRod""",-27,47.00,14943
"Custom ""Ranger""",63,40.90,17400
"Custom ""RASCAL""",156,29.10,7200
"Custom ""Raven""",6,47.40,24174
"Custom ""Raven""",,42.40,13400
"Custom ""RAZZLEBERRY DRESSING""",81,35.70,10245
"Custom ""Real McCaw""",129,34.50,10500
"Custom ""Rebel""",132,39.40,
"Custom ""Rumours""",-3,37.10,7600
"Custom ""Rush""",63,40.00,12241
"Custom ""Salty""",66,45.00,22000
"Custom ""Samantha""",12,48.80,28860
"Custom ""Scamp""",24,44.20,17970
"Custom ""Scaramouche of Warwick""",57,47.90,36078
"Custom ""Scaramouche""",30,53.80,40000
"Custom ""Sceptere'd Isle""",42,62.80,56500
"Custom ""Scherherazade""",24,40.00,
"Custom ""Sea Leaf""",36,58.00,46900
"Custom ""Sea of Love""",132,34.80,10579
"Custom ""Secret Affair""",30,43.00,17200
"Custom ""Secret""",45,42.80,18113
"Custom ""Sedona""",18,42.90,15354
"Custom ""Seguin""",144,42.60,24094
"Custom ""Selkie""",108,38.30,18060
"Custom ""Serenity II""",24,51.50,32538
"Custom ""Serif""",162,30.00,7000
"Custom ""Settler""",57,42.10,20409
"Custom ""Sforzando""",12,44.60,16500
"Custom ""Shamrock Sensation""",33,40.30,12116
"Custom ""Shearwater""",186,54.00,40000
"Custom ""Sheerness""",45,41.10,15750
"Custom ""Shenanigans""",54,39.60,13900
"Custom ""Shere Khan""",15,44.70,16100
"Custom ""Sherpa""",114,35.00,
"Custom ""Silly Goose""",81,49.00,49036
"Custom ""Silver Star""",69,39.30,13400
"Custom ""Simba""",84,48.80,34000
"Custom ""Sirena""",,43.00,13200
"Custom ""Sixty-Six""",90,39.70,13900
"Custom ""Skoal VIII""",102,29.80,6660
"Custom ""Slider""",36,41.70,13700
"Custom ""Snow Leopard""",-9,50.20,23243
"Custom ""Snow Lion""",-9,50.20,24992
"Custom ""Somerset""",51,45.00,23500
"Custom ""Sonny""",-6,69.80,81950
"Custom ""Spank Me BT""",-90,82.20,85000
"Custom ""Spank Me""",48,44.20,20800
"Custom ""Spitfire""",6,47.20,18711
"Custom ""Springbok""",12,50.30,28000
"Custom ""St. Francis VII""",132,32.90,8834
"Custom ""Stampede""",18,58.00,56500
"Custom ""Starbuck""",165,40.00,22000
"Custom ""Stars & Stripes""",-42,52.50,12500
"Custom ""Stars and Stripes""",-39,50.20,19000
"Custom ""Streaker""",108,33.70,5000
"Custom ""Sunburst""",144,29.00,6500
"Custom ""Surcease""",261,20.60,3100
"Custom ""Surface Effect""",18,50.30,27630
"Custom ""Sweet Witch""",63,41.00,
"Custom ""Swept Away""",54,47.90,25000
"Custom ""Tabasco""",45,46.20,23000
"Custom ""Tabasco""",63,38.50,12000
"Custom ""Tahitian""",144,42.10,22800
"Custom ""Talisman""",81,44.20,21672
"Custom ""Talisman""",-39,52.80,24890
"Custom ""Tamarack""",81,37.80,10500
"Custom ""Tamarack""",93,37.80,10500
"Custom ""Tardis""",90,37.90,10600
"Custom ""Taxicab""",201,24.40,4500
"Custom ""Tewk""",180,37.00,
"Custom ""The Knife""",78,31.40,5500
"Custom ""Thunderhead""",42,58.10,44000
"Custom ""Ticonderoga""",39,72.00,
"Custom ""Tiger Too""",99,48.00,36000
"Custom ""Tigger""",156,29.40,10700
"Custom ""Tinette""",93,42.90,23400
"Custom ""Titan""",-138,74.80,30000
"Custom ""Top Gun""",69,39.60,12600
"Custom ""Toscana""",30,50.90,32000
"Custom ""Trader""",-72,70.00,36921
"Custom ""Uarshek 2""",-33,49.30,19056
"Custom ""Vanpire""",72,40.70,18219
"Custom ""Verna""",120,54.50,94000
"Custom ""Vixen""",120,38.80,20133
"Custom ""Voidoid V""",105,32.90,8000
"Custom ""Wahoo""",3,41.50,15576
"Custom ""Wai Rere""",33,31.30,4000
"Custom ""War Stories""",48,40.20,13039
"Custom ""Watch Out""",102,29.80,6660
"Custom ""Wave Train""",60,39.50,16686
"Custom ""Wave Train""",63,39.50,16686
"Custom ""Whisper""",72,50.20,43200
"Custom ""Who's Yo Daddy""",-6,44.80,15552
"Custom ""Wild Woman""",27,45.30,19000
"Custom ""Wildcat""",75,43.20,18475
"Custom ""Wind's Way""",69,46.80,29288
"Custom ""Windrush""",96,41.80,24000
"Custom ""Wired""",45,40.20,13228
"Custom ""Wonder""",-15,47.20,18027
"Custom ""Zam Zam""",318,18.20,2500
"Custom ""Zaraffa""",-99,66.50,41407
"Custom ""Zephyr""",168,26.00,4800
Custom 105 - WHITEHAWK,-24,105.00,169476
Custom 21 Frogger,120,21.30,2315
Custom 21 Valkyrja,93,21.30,1784
Custom 22 Blue's Brother,255,22.00,1750
Custom 25 Cassiopea,240,32.00,8000
Custom 25 EINSTEIN,147,25.20,4055
Custom 26 TRILOGY,186,26.00,
Custom 28 Unplugged,78,28.00,2600
Custom 30 Cowboy,111,30.00,6109
Custom 30 Details,114,29.97,7200
Custom 30 Motion,90,30.00,5600
Custom 30 Narwana,102,29.90,6694
Custom 30 Overproof,42,30.00,4260
Custom 32 Arabesque,150,31.55,7450
Custom 32 Bluto,75,32.00,4776
Custom 32 RockIt 2.0,69,32.00,5500
Custom 33 REVELATION,111,33.00,7640
"Custom 34 ""Aida""",216,33.80,10774
"Custom 35 ""In Theory""",45,34.90,4500
Custom 35 ZEFIRO TORNA,33,35.00,7010
"Custom 36 ""Rampant""",21,36.00,4550
Custom 37 Breakaway,84,36.50,10800
Custom 38,108,38.80,13750
Custom 38 NEVIS,81,38.00,14500
Custom 39 Fidelio,183,39.00,22000
Custom 39 Three Beans,27,39.00,8699
Custom 40 AVRA,21,40.00,14621
Custom 40 Caliente,51,40.20,11848
Custom 40 COALITION,57,39.60,14250
Custom 40 Desperado,9,40.20,14991
Custom 40 Gitana,204,39.69,26655
Custom 40 SOULMATES,30,40.18,13186
Custom 40 Spectre,51,39.70,11800
Custom 40 Spookie,-45,40.00,8600
Custom 40 TRADER,63,39.50,12031
"Custom 42 ""Golden Eye""",165,42.00,32000
Custom 43 AFTERGLOW,69,43.80,24000
Custom 43 TENACIOUS,66,42.90,18300
Custom 44 Miracle,12,44.60,17226
Custom 45 Arion,,44.50,14000
Custom 46,81,46.40,31000
Custom 46 ???,54,46.00,24000
Custom 46 NELLIE,129,46.50,27700
Custom 47 Carrilon,111,47.50,29500
Custom 47 IRIE,9,47.00,18367
Custom 47 WIRED,-6,47.00,17200
Custom 48,27,49.50,31500
Custom 48 Acadia,126,48.50,34200
Custom 48 Puffin,84,47.58,25500
Custom 48 WATER WITCH,18,48.80,9449
Custom 49,-30,49.00,19850
Custom 49 Hiro Maru,81,49.55,34800
Custom 50 ANGELITA,111,50.30,
Custom 50 FALCON,-36,50.00,18000
Custom 50 NOR'EASTER,111,49.90,25800
Custom 50 SNOW LION,-39,50.40,21265
Custom 50 STAR,123,50.00,28441
Custom 50 TENHO,75,50.50,37400
Custom 53 BERNICE,84,53.30,29000
Custom 54 SALTY GOOSE,30,54.00,30275
Custom 55 Hussar,15,55.00,44859
Custom 55 Irie 2,-60,54.40,20900
Custom 55 SIRENA 3,-39,55.00,26759
Custom 56 CAPER,60,56.30,45000
Custom 56 FLYING GOOSE,30,56.30,33045
Custom 60 Reef Points,-60,60.05,46812
Custom 65 Selemat,51,65.29,81061
Custom 65 The Blue Peter,39,65.00,72500
Custom 68 BLACK WATCH,39,67.90,74966
Custom 68 Simon Says,-75,68.48,28529
Custom 72 Sirona,-75,72.00,55000
D&M 22,234,22.00,3500
Dana 24,228,24.20,7200
Davellar 27,204,27.20,4800
Dawn 41,111,41.10,21000
Dawn 48 Ketch,96,48.00,29000
DB 1,117,33.00,7275
DB 2,111,33.90,6980
Deerfoot 2-62,57,62.10,38000
Dehler 34,132,33.10,8818
Dehler 36,84,35.80,13200
Dehler 38-2,72,37.07,15652
Dehler 38-Fractional,93,38.70,11022
Dehler 41 CR,93,40.10,19625
Dickerson 37,189,37.00,15950
Dolphin 23/24,248,22.80,2200
Doughdish 12.5,360,15.80,1500
Down East 38 Sloop,228,38.00,21000
Dragon 29,228,29.00,3747
Dufour 24,240,24.00,3000
Dufour 25/1800 IB,228,25.00,3978
Dufour 25/1800 OB,213,25.10,3969
Dufour 27,225,27.00,5840
Dufour 2800,201,28.00,6064
Dufour 29,186,29.00,7260
Dufour 30 Arpege,219,30.00,6600
Dufour 30CS SR,174,30.00,
Dufour 31 SD,192,31.00,9292
Dufour 31 TM,180,31.00,
Dufour 34,168,34.00,12000
Dufour 35,159,35.30,12600
Dufour 35 Valentijn 4800 TM,150,35.00,13045
Dufour 36 Classic,,36.33,13090
Dufour 36 Classic,132,36.30,13090
Dufour 36 P,78,36.00,14109
Dufour 40 A9000,93,40.00,19845
Dufour 40 TM,78,40.50,17490
Dufour 512,63,48.11,31305
Dufour F 31 3800,168,30.50,8375
Dufour Frers 30 Frac.,168,30.00,8360
Dufour Frers 30 Masthead,177,30.00,8360
Dutch Flyer 31,234,31.00,9900
E Sailing Yachts 33,105,33.50,6250
Elan 32,165,32.80,7600
Elan 434 Shoal Draft,126,43.10,24035
Elan 450 Racing,57,44.90,25812
Elan 450 Shoal Draft,66,44.60,24912
Elite 29 Short Mast,168,29.50,6173
Elite 30,150,30.00,6620
Elite 30 S,150,30.50,5732
Elite 32,150,31.80,8377
Elite 324,168,32.30,8600
Elite 346,126,34.20,12500
Elite 37,108,37.10,12787
Elliot 770,117,25.30,2875
"Elvstrom Mod T2 ""Different Drummer""",162,31.40,6800
Endevour 32,192,32.00,11600
Endevour 33,180,32.60,11350
Endevour 35,135,35.40,13250
Endevour 37 BS,186,37.00,20000
Endevour 38,132,38.30,17600
Endevour 40,171,40.00,25000
Endevour 42,144,42.30,25000
Endevour 43,150,43.00,33000
Endevour 43 K,153,43.00,
Ericson 23,264,23.00,2700
Ericson 23-2 Keel,222,22.90,3000
Ericson 25 FK,234,25.00,5300
Ericson 26,234,26.00,4400
Ericson 26-2 SD,210,25.80,5250
Ericson 27,237,27.00,6600
Ericson 28+,201,28.00,7500
Ericson 28+ Shoal Draft,207,28.00,7500
Ericson 28-2,198,28.00,7500
Ericson 29,207,29.00,8500
Ericson 29-2,192,29.00,
Ericson 30+,168,30.00,9000
Ericson 30-1,201,30.30,7800
Ericson 32,198,32.00,
Ericson 32-2,180,32.00,8800
Ericson 32-3,156,32.40,9800
Ericson 32-3 Shoal Draft,162,32.40,9800
Ericson 33,135,33.00,9500
Ericson 34,144,34.00,10000
Ericson 34-2,123,34.80,13000
Ericson 35,198,35.00,12000
Ericson 35-2,162,35.00,11600
Ericson 35-3,135,35.50,13000
Ericson 36,114,36.00,11600
Ericson 37,120,37.00,16000
Ericson 38,111,38.00,14900
Ericson 38 Shoal Draft,123,37.80,15500
Ericson 38-2 Wing,114,37.70,15500
Ericson 381,117,38.00,14400
Ericson 39,114,39.00,19000
Ericson 41,132,41.00,17800
Ericson 46,75,46.00,31500
Ericson Cruising 36,162,36.00,16000
"Ericson Mod 39 ""Naiad II""",111,39.00,19000
Esse 850,81,27.80,2590
ETAP 21,252,21.50,2530
Etchells,126,30.00,3400
Etchells Mod 22,126,29.90,4900
Europa 48,24,49.00,31499
Evelyn 24,192,24.00,
Evelyn 25,147,24.90,2900
Evelyn 26 Fractional,174,25.90,4500
Evelyn 26 MH,162,25.90,4705
Evelyn 29,162,29.00,
Evelyn 30,171,30.00,
Evelyn 32,150,32.00,7900
Evelyn 32-2 Inboard,102,32.00,4500
Evelyn 32-2 Outboard,96,32.00,4500
Evelyn 36,114,36.00,
Evelyn 42,45,42.20,11970
"Evelyn Mod 36 ""Stack O' Barley""",108,36.00,8500
Express 27,132,27.00,2450
Express 34,105,34.00,8500
Express 35,114,35.00,14300
Express 37,72,37.10,9500
Express 37-2,72,37.10,10500
Express 62,57,61.10,60000
F&C 30,165,30.00,
F&C 44 Centerboard,135,44.00,21400
Fahnrich 31,201,31.30,8928
Farr 10.20,114,33.90,8200
Farr 11S,-48,36.70,5300
Farr 27,186,27.00,
Farr 30,51,30.90,4548
Farr 30 ODR,51,30.80,4500
Farr 31,84,31.50,6905
Farr 33,105,33.80,9239
Farr 33-2,108,33.80,9534
Farr 36,,36.00,
Farr 36 ODR,6,36.10,6744
Farr 37 Dickerson,87,37.00,12200
Farr 39 ML,9,39.30,10204
Farr 395,30,39.30,12250
Farr 395 SD,51,39.30,12800
Farr 40,-3,40.70,10960
FARR 400,-9,38.71,8780
Farr 44,,44.50,16975
Farr 47,-18,47.50,17019
Farr 52,-60,52.00,20400
Farr 60,-78,60.20,36042
Fast 40,87,39.80,4100
Fast 410 SD,87,41.00,16354
Fastnet 45,117,44.90,25000
Feeling 326,144,31.10,10472
Finn 351 FR,120,35.30,11464
Finn 381,111,38.10,14705
Finn Flyer 31,162,30.85,7260
Finn Gulf 28,156,28.30,6930
Finn Gulf 38,117,38.00,13228
Finn Gulf 391,87,39.30,14320
Finya 53 Ketch,90,52.90,46194
Flying Buffalo 36,234,35.60,14883
Flying Tiger 10M,54,32.70,4900
Folkboat,312,25.00,5000
Formosa 45,162,45.00,31000
Freedom 21,222,21.70,2000
Freedom 24-2,168,24.50,3250
Freedom 25,201,25.70,3500
Freedom 30 SD,189,30.00,7660
Freedom 32 DK,165,32.70,9000
"Freedom 32 M ""Petrel""",159,32.70,9000
Freedom 33 CB,177,33.00,12000
Freedom 35,141,35.30,15000
Freedom 35 W,156,35.40,14611
Freedom 36 Sloop,153,36.50,13400
Freedom 36 Sloop Shoal Draft,150,36.50,13400
Freedom 38,156,37.90,14370
Freedom 39,171,39.00,18500
Freedom 39 K,159,39.00,18500
Freedom 40,102,40.40,23762
Freedom 40 CB,180,40.00,22000
Freedom 44,132,44.00,24000
Freedom 45,120,44.40,27500
Freedom 45 W,126,44.40,27500
"Freedom Mod 36 ""Hot Water""",144,36.50,13400
"Freedom Mod 36 ""Way to Go""",150,36.50,13400
"Freedom Mod 40 ""Etoile""",168,40.00,22000
Frers 30,129,29.90,7285
Frers 31 Tall Mast,165,31.00,
Frers 33,111,33.30,9000
Frers 36,90,36.20,10900
Frers 38,78,38.50,14500
Frers 38 W,84,38.00,
Frers 41,75,40.50,15950
Frers 41 OFS,78,40.50,18000
Frers 41 Tall Mast,72,40.50,15950
Frers 41 W,78,40.50,15950
Frers 43 Tall Mast,90,43.00,
Frers 45,39,45.00,21667
Frers 45 W,54,45.00,25586
Frers 50,27,50.00,28000
Frers F3,96,36.20,11192
Frers F3 Tall Mast,93,36.20,11192
Friendship 40,102,41.30,22500
Fuji 35 Ketch,216,35.00,16300
Galaxy 32 CB,192,32.00,
"Ganbare Mod 35 ""B.E.Witch""",111,35.00,
"Ganbare Mod 35 ""Not by Bread Alone""",102,35.00,12007
"Ganbare Mod 35 ""Sleeper""",108,35.50,13449
Gannet 40,81,39.90,15200
Given 27,192,27.00,
Gladiator 24/23,240,24.00,3850
Gladiator 33,141,32.80,11000
Golden Eye 18,258,18.00,
Golden Gambit 26,195,26.00,3598
Golden Wave 42,96,42.00,25400
Goman Express 20,234,20.00,2000
Goman Express 35,114,35.00,14300
GP 26,81,25.92,2200
Grampian 23,270,23.00,3200
Grampian 26 Inboard,228,26.00,5600
Grampian 28,201,28.00,6900
Grampian 30 TM,189,30.00,8600
Grand Soleil 36,129,35.80,12125
Grand Soleil 36 TM,120,35.80,12125
Grand Soleil 37,78,38.10,15000
Grand Soleil 39 TM,108,41.00,18260
Grand Soleil 46.3 SD SR,78,45.80,24300
Grand Soleil 46.3 SR,72,45.80,25500
Grand Soleil 50-2 DK,66,50.00,28600
Great Dane 28,237,28.00,8500
Greenwich 24,270,24.00,3825
Gulf Coast 22,222,22.00,
Gulf Coast 23,276,23.00,1900
Gulf Coast 26,234,26.00,4800
Gulfstar 32,276,32.00,
Gulfstar 37,156,37.00,19500
Gulfstar 39 Sailmaster,144,39.60,19000
Gulfstar 40,102,40.00,23000
Gulfstar 40 Motorsailer,186,40.00,20000
Gulfstar 41,150,41.00,22000
Gulfstar 41 K,159,41.00,22000
Gulfstar 43,123,43.00,22000
Gulfstar 44 Tall Mast,156,44.70,26000
Gulfstar 54,117,54.50,50000
Gulfstar 60 SD,48,60.50,63000
Gulfstream 30,210,30.00,
Halberg Rassey 29,198,29.20,8379
Halberg Rassey 31,222,31.00,9920
Halberg Rassey 34,144,33.80,11650
Halberg Rassey 352,180,34.60,14800
Halberg Rassey 36,153,35.70,16535
Halberg Rassey 42,162,42.00,25368
Halberg Rassey 43,135,44.00,28000
Hans Christian 33,222,32.80,18500
Hans Christian 41,162,40.90,35500
Hans Christian 43,150,43.00,
Hanse 341,135,34.00,11905
Hanse 345 Shoal Draft,141,34.12,14010
Hanse 370 e,114,37.30,14991
Hanse 375,114,37.25,15873
Hanse 400,78,39.70,18739
Hanse 430e DK,81,43.60,23058
Hanse 470e,39,46.60,26932
Hanse 545,24,53.30,41226
Hanse 575,54,56.25,50585
Hanse 575 Deep Keel,48,56.25,50585
Harbor 20,231,20.00,1800
Harbor 25,177,25.75,4235
Harmony 22,192,22.00,3000
Hartmann Palmer 38 CB,126,38.00,20600
Hawkfarm 28 MH,162,28.00,5700
Helms 30,198,30.00,8400
Henderson 30 ODR,42,30.80,3800
Heritage 1 Ton,117,36.90,12528
"Heritage Mod 1T ""Vamoose""",117,36.00,15400
"Herreshoff ""S"" boat ODR",210,27.00,6500
Herreshoff 18,321,18.20,2500
Herreshoff 28 Ketch,255,28.00,
Herreshoff 28 Sloop,171,28.00,
"Herreshoff Mod 28 Ketch ""Helena""",258,28.00,9300
Herreshoff Rozinante Canoe Yawl/Ketch,216,28.00,6600
Hinckley 35 Y,189,35.50,13500
Hinckley 35 Y TM,186,35.80,14250
Hinckley 36,252,36.00,
Hinckley 38,156,37.40,17265
Hinckley 38 SR,165,37.50,17500
Hinckley 40-2 Yawl,177,40.80,20000
Hinckley 41,150,41.00,
Hinckley 41 Y,165,41.20,18500
Hinckley 41Comp,132,41.40,21500
Hinckley 43,117,42.80,25000
Hinckley 43C,69,43.00,
Hinckley 51 Comp,42,51.00,39200
Hinckley 57 Yawl,36,57.00,45000
Hinckley 59 CB,57,59.30,63000
Hinckley Bermuda 40 Mk I,174,40.00,
Hinckley Bermuda 40 Mk II,174,40.00,
Hinckley Bermuda 40 Mk III,165,40.80,20000
Hinckley Bermuda 50,-30,49.80,30637
Hinckley Pilot 35,183,34.30,13710
Hinckley Sou'wester 42 CB,105,42.80,24000
Hinckley SW 42-2 CB,90,42.30,23039
Hinckley SW 51,69,50.80,39000
Hinckley SW 51 Yawl Centerboard,72,51.16,44000
Hobie 33,105,33.00,4200
Hobie 33 Tall Mast,99,33.00,4200
Hobie Magic 25,42,24.50,1870
Holiday 30,288,30.00,8950
Holiday 35,186,35.00,
Holland 30 T2,159,30.00,
Holland 36 One Ton,111,36.00,
Holland 41,90,41.00,
Holland 47,60,47.00,
Holland 52,57,52.00,38000
Hood 2 Ton,84,42.00,
Hood 35,147,38.00,15500
Hood 36 1 Ton,108,36.00,
Hood 38,126,38.00,23336
Hood 52,75,52.40,55000
Hughes 25,234,25.00,4210
Hughes 38-1,153,38.00,14000
Humphries 38,105,37.80,13280
Hunter 23 WK,240,23.30,2450
Hunter 25 Outboard,228,24.90,4400
Hunter 25 SK,240,25.00,7000
Hunter 25.5,231,25.60,4500
Hunter 26.5,186,26.50,4400
Hunter 26.5 IB,192,26.50,
Hunter 27 TM,216,27.00,7000
Hunter 27-2 IB,219,26.50,5000
Hunter 27-2 OB,213,26.60,5000
Hunter 28,189,28.00,7400
Hunter 28.5,183,28.40,7000
Hunter 29.5 ODR,192,29.50,7000
Hunter 30,168,30.00,9700
Hunter 30 CB,174,30.00,9500
Hunter 30-2 T,171,30.00,9500
Hunter 31,165,31.00,9700
Hunter 310 SD,171,30.80,8500
Hunter 320 W,165,30.80,8550
Hunter 33,162,33.00,10600
Hunter 33.5,153,33.30,11000
Hunter 33.6,153,33.50,11030
Hunter 333,153,33.20,10500
Hunter 34,150,34.00,11820
Hunter 340 SD,159,33.80,11030
Hunter 35 Legend,120,35.60,12100
Hunter 35 Legend Wing,135,36.00,16400
Hunter 35.5,144,35.50,13000
Hunter 356 W,132,35.50,13900
Hunter 36,150,36.00,12500
Hunter 37,141,37.00,17000
Hunter 37 Cutter,162,37.00,17800
Hunter 37 Legend,108,37.50,13900
Hunter 37 Legend Wing,120,37.50,14900
Hunter 37 SD,144,37.00,17000
Hunter 37.5 Legend,126,37.00,16400
Hunter 37.6,111,37.30,15000
Hunter 38 W,108,38.20,18326
Hunter 40 Legend,108,39.60,17400
Hunter 40 Legend Shoal Draft,114,40.00,17900
Hunter 40.5 Legend Wing,120,40.20,20000
Hunter 41 DS,132,38.80,19400
Hunter 410,120,40.70,20000
Hunter 42 Passage,102,42.50,22000
Hunter 420,120,40.70,29614
Hunter 426,117,43.30,22936
Hunter 430,114,42.50,23800
Hunter 45 CC,126,45.00,22936
Hunter 45 DS Wing,123,43.20,22936
Hunter 450 Wing,123,44.30,24992
Hunter 460,108,44.30,28000
Hunter 466,108,46.10,26180
Hunter 466 SD,114,46.00,30000
Hunter 54,69,54.00,
Hurley 22,300,22.00,
Hylas 42,96,42.10,17600
Hylas 46 TM DK,84,46.30,27700
Hylas 47,93,46.80,32000
Hylas 54,63,54.90,47184
Ideal 18 ODR,249,17.90,1240
ILC 40,6,41.00,13109
ILC 46,-15,47.60,18027
Imperial 23,288,23.00,
Impulse 21,183,21.00,1300
Impulse 21 MH,183,21.00,1300
Impulse 26 Inboard,138,26.00,3000
Impulse 26 OUtboard,132,26.00,3810
IMX 38,63,37.30,11949
IMX 40,39,39.70,14200
IMX 45 Tall Mast Deep Keel,-3,45.10,22240
"International ""H""",189,27.00,3100
International One Design,150,33.00,7300
Intrepid 35,162,35.00,15600
Intrepid 35 Tall Rig,159,35.00,15600
Intrepid 40,141,40.00,27050
Irwin 1/2 Ton,168,30.10,7300
Irwin 23,234,23.00,3200
Irwin 24,237,24.00,3220
Irwin 24 1/4 Ton,216,24.00,
Irwin 25 10/4,270,25.00,
Irwin 25 Centerboard,225,25.00,5400
Irwin 28-1,204,28.00,7900
Irwin 30,174,30.00,10000
Irwin 30 Centerboard,180,30.00,10000
Irwin 30 Citation,180,30.00,10400
Irwin 30 Competition,171,30.00,10000
Irwin 31,204,31.00,9600
Irwin 31 Citation,165,31.20,9300
Irwin 32,174,32.00,11300
Irwin 32 Citation Shoal Draft,165,32.33,10500
Irwin 32.5 Ketch,234,32.60,13000
Irwin 34,153,34.00,
Irwin 34 Citation,165,34.30,11900
Irwin 35 Citation,135,35.40,11500
Irwin 37 Competition,126,37.00,16000
Irwin 37 Ketch,198,37.00,22000
Irwin 37 One Ton,123,37.00,15400
Irwin 38-2,144,38.00,20000
Irwin 39 Citation CB,135,39.90,18000
Irwin 40,168,40.10,20000
Irwin 40 Citation CB,126,39.40,17390
Irwin 41 CB Ketch,150,41.00,25000
Irwin 46,180,45.50,33000
Irwin 52-3 Ketch,105,52.00,46500
Irwin 54 Ketch,105,58.40,46000
Irwin 68,78,67.90,78000
Island Packet 29,216,29.00,11900
Island Packet 31,198,31.00,11000
Island Packet 35,192,38.00,17500
Island Packet 38,168,38.00,21500
Island Packet 40,159,41.50,22800
Island Packet 41,159,41.60,21500
Island Packet 44,135,44.50,27500
Island Trader 38 Ketch,210,38.00,24200
Island Trader 41 Ketch,240,40.00,29000
Islander 23,240,23.00,2000
Islander 24,258,24.00,
Islander 26,228,26.70,4300
Islander 28,198,28.00,7000
Islander 29/30,246,29.00,8400
Islander 30-2,183,30.00,8600
Islander 32-2,186,32.00,
Islander 32-3,168,32.00,10500
Islander 33,234,33.00,
Islander 34,210,34.00,10400
Islander 34-2 Wing,156,34.30,9656
Islander 36,144,36.00,13000
Islander 37 Ketch,222,37.00,
Islander 40 Ketch,276,40.00,
Islander 55 CB,75,55.00,48000
Islander Bahama 24,264,24.00,4200
Islander Bahama 30,180,29.90,
Islander Bahama 36,216,36.00,
Islander Excalibur 26,222,25.10,3700
Islander Peterson 40,84,39.60,17700
J Boats 100,81,32.80,6500
J Boats 105,87,34.50,7800
J Boats 105 ODR,96,34.50,7800
J Boats 105 SD ODR,111,34.50,7750
J Boats 109,63,35.30,10900
J Boats 111,30,36.42,9300
J Boats 112e,54,36.00,11300
J Boats 120,45,40.00,12900
J Boats 120 OD,,40.00,12900
J Boats 120 SD,54,40.00,13900
J Boats 122,33,40.00,14900
J Boats 124,42,40.70,12500
J Boats 125,-6,41.00,8600
J Boats 130,30,42.70,15500
J Boats 133,9,43.00,17900
J Boats 145,-21,48.10,19000
J Boats 145C,-18,48.00,21623
J Boats 160,3,52.70,33000
J Boats 22,177,22.50,1790
J Boats 24,174,24.00,3400
"J Boats 24 Special ""Erendil""",171,24.00,3400
J Boats 27-1,129,27.50,3800
J Boats 27-2,123,27.50,3800
J Boats 28,177,28.40,7900
J Boats 28 SD,183,28.40,7900
J Boats 29 Fractional Inboard,126,29.00,6000
J Boats 29 Fractional Outboard,120,29.00,6000
J Boats 29 Long J OB,117,29.00,6000
J Boats 29 Masthead Inboard,120,29.00,6000
J Boats 29 Masthead Outboard,114,29.00,6000
J Boats 30,141,30.00,6500
J Boats 30 ODR,135,30.00,6500
J Boats 32,120,32.40,10000
J Boats 32 SD,126,32.00,10000
J Boats 33,87,33.50,7500
J Boats 34,120,34.00,8100
J Boats 34C,126,34.50,11000
J Boats 35,72,35.50,10000
J Boats 35 C SD,108,35.20,11800
J Boats 35C,102,35.20,11800
J Boats 36,84,36.00,10700
J Boats 37,72,37.50,13500
J Boats 37 Wing,81,37.50,13500
J Boats 37c,72,37.50,15000
J Boats 37c Shoal Draft,81,37.50,14500
J Boats 39,51,39.50,12900
J Boats 40,75,40.30,17000
J Boats 40 SD,87,40.00,15500
J Boats 41,72,41.90,15500
J Boats 42,72,42.00,19700
J Boats 44,30,44.50,20600
J Boats 44 W,51,44.50,24000
J Boats 46,42,46.00,25000
J Boats 46 DK,36,46.00,25000
J Boats 70,117,22.75,1750
J Boats 80,114,26.30,2900
J Boats 80 ODR,129,26.30,2900
J Boats 88,84,29.19,5000
J Boats 90 ODR,51,30.00,3200
J Boats 92,108,30.00,5500
J Boats 92S,99,30.00,5610
J Boats 95,117,31.20,6000
J Boats 97,108,31.53,8600
"J Boats Mod 24 ""Wavedancer""",171,24.00,
"J Boats Mod 29 Fr OB ""Wow""",120,29.00,6000
"J Boats Mod 29 Masthead ""Monitor""",117,29.00,
"J Boats Mod 34 ""Jagular""",120,34.00,8100
"J Boats Mod 36 ""Smiling Banshee""",84,36.00,
"J Boats Mod 41 ""Aeroplane""",69,41.00,
Javelin 35,186,35.00,
Jeanneau 27 Fantasia,195,27.30,5291
Jeanneau 32 Attalia,147,31.80,7500
Jeanneau 34 Sunrise,132,34.60,10315
Jeanneau 34.2 Sun Odyssey,120,33.80,10253
Jeanneau 349,135,33.90,11775
Jeanneau 35 Sun Odyssey,120,35.30,11550
Jeanneau 35 Sunrise,84,34.80,8047
Jeanneau 36-2 Sunfast,96,37.10,13668
Jeanneau 36.2 Sun Odyssey,150,36.10,12320
Jeanneau 36.5 Sunshine,123,36.50,12000
Jeanneau 3600 Sunfast,51,35.50,10360
Jeanneau 36i Performance,117,35.80,12522
Jeanneau 37 Sun Odyssey,138,37.30,13448
Jeanneau 37-2 Sunfast,114,37.30,13448
Jeanneau 379 Sun Odyssey,90,37.20,14770
Jeanneau 39i Performance Deep Keel,129,38.20,16163
Jeanneau 39i Sun Odyssey SD,141,38.90,16538
Jeanneau 40 Sun Fizz,117,39.00,16000
Jeanneau 40.3 Sun Odyssey SD,99,40.00,16645
Jeanneau 409,96,40.40,16424
Jeanneau 42 DS SD,90,42.40,18083
Jeanneau 43 Sun Odyssey SD,111,43.30,20955
Jeanneau 44 Sun Magic,108,43.80,22050
Jeanneau 45 Sun Kiss,102,43.50,25352
Jeanneau 47 Sun Kiss,87,47.10,25353
Jeanneau 49 Sun Odyssey,108,49.10,28661
Jeanneau 50 DS SD,57,49.50,29547
Jeanneau 509 Sun Odyssey,54,50.40,32026
Jeanneau 51 Sun Odyssey,51,50.30,32900
Jeanneau 52 Sunfast,57,51.00,28660
Jeanneau 53,51,52.70,34889
Jeanneau 990,171,34.00,12000
"Jeanneau Mod Sunrise 34 ""Presto""",132,34.60,10315
Jeanneau Regatta 39 MH,96,39.20,10600
Jensen 24,168,24.00,
Jon Meri 40,105,40.00,18900
Jon Meri 40 DK,102,39.70,22073
Jon Meri 48,60,47.70,34480
Jouet 950,177,31.20,7938
Jupiter 30,171,29.40,7480
Kaiser 34,174,34.00,
Kaiser 39,174,39.00,
Kalik 33 TM,153,33.00,10700
Kalik 40 IK,105,39.50,18500
"Kalik Mod 33 ""Anegada""",150,33.00,
Kantor 51,87,51.00,47000
Kelly 24,186,24.00,3400
Kelt 7.6,210,24.80,4500
Ker 11.3,33,37.50,
Ker 11.5,30,37.10,10025
Ker 50,-39,50.40,21265
Kettenberg 41,180,41.00,17000
King 24 T,204,24.00,
King Summit 40,12,39.80,15400
Kings Cruiser 29,228,28.50,
Kings Cruiser 29 Wood,306,28.50,
Kinney 46,132,46.00,
Kirby 23,168,23.00,2270
Kirby 24,192,24.00,
Kirby 24 K,168,24.00,
Kirby 25 IB,171,25.20,3200
Kirby 30,141,30.00,5750
Kirby 40,84,40.00,13600
Kirie 396,141,38.50,17680
Kiwi 24,210,24.00,
Kiwi 30,159,30.00,7200
Kiwi 35 Outboard,57,35.00,2800
Kiwi 36 One Ton,114,35.90,12000
Kiwi Miniton,216,22.00,1330
Knarr 30,210,30.40,4950
Knarr 35,198,35.00,
Knutson 35,192,35.00,
Kramer 24,222,24.00,3000
LaCoste 36,132,36.50,15910
LaCoste 42 Special Edition,102,42.20,21647
LaFitte 44,120,44.40,28000
Lager 40,63,39.70,12300
Lager 44,75,44.90,27500
Lancer 28,258,28.00,5200
Lancer 29 Mark I,189,28.70,7800
Lancer 36 7/8,129,36.00,7500
Lancer 36 MH,141,36.00,10500
Landing School 26,207,26.00,4650
Lapworth 24,264,24.00,
Lapworth 32,198,32.00,
Lapworth 36,162,36.00,12000
Lapworth 40,162,40.00,17800
Lapworth 44,120,44.00,
Laser 28,135,28.40,3950
Lazy Jack 32,234,31.70,12500
Liberty 458,138,45.70,30600
Lindenberg 22,210,22.00,1800
Lindenberg 24,165,24.00,2800
Lindenberg 26 IB,183,26.00,5300
Lindenberg 28 Tall Rig,120,28.00,4000
Lindenberg 30,123,30.00,6900
Lindenberg 33,,33.00,
Lion 35,234,35.00,
Lippincott 30,177,30.00,8600
Lippincott 30 Shoal Draft,180,30.00,8600
Little Harbor 38 CB,126,38.00,20600
Little Harbor 39,75,39.80,18030
Little Harbor 44,111,44.20,34350
Little Harbor 50 CB,69,50.90,43200
Little Harbor 52 CB,69,52.30,54000
Little Harbor 53 CB,69,52.70,58000
Little Harbor 54 Centerboard,69,53.20,53129
Little Harbor 60 CB,30,60.40,82250
Little Harbor 62 CB,30,61.60,91000
Little Harbor 78,24,78.00,162000
Loki Yawl,174,38.10,18000
Lord Nelson 41,156,41.00,30500
LS 10,129,33.00,7100
Luders 23,270,23.00,
Luders 30,222,30.00,
Luders 33,213,33.00,12800
Luders 36,204,36.00,15000
Luders 44 Ketch,144,44.00,24500
M&R 46,87,46.00,
MacGregor 26,219,25.80,3750
MacGregor 65 Cruising,,65.00,23500
MacGregor 65-2 W,21,65.00,32000
Magellan 40,234,40.00,
Malo 36,144,36.70,16975
Margon 30-2,171,30.00,
Mariah 27,129,27.00,5000
Mariner 28,198,28.00,7450
Mariner 31 Ketch,240,31.00,11500
Mariner 32 Ketch,210,32.00,
Mariner 35 Ketch,222,35.00,
Mariner 36,162,36.00,22386
Mariner 36 Ketch,177,36.00,16000
Mariner 40 Ketch,204,40.00,26500
Mariner 47,162,46.80,32000
Mark 25,210,24.60,4130
Marshall 18 Sanderling,279,18.00,
Marshall 22,273,22.00,5200
Martin 243 ODR,69,24.00,1450
Mason 33,165,33.80,14020
Mason 43,147,43.00,25000
Mason 44,150,43.80,27400
Mason 44 SD,156,43.80,27400
Maxi 108,147,35.40,13200
Maxi 9.5,174,32.00,9500
MC 38,-24,37.24,7055
Medalist 33,237,32.80,11200
Mega 30 Fixed Keel,150,29.90,8589
Mega 30 One Design,144,29.90,4500
Melges 24 ODR,99,24.00,1600
Melges 30 ODR,42,31.80,3500
Melges 32 OD,24,31.80,3800
Mercer 44 CB,138,44.00,27000
Merit 22 FK,213,22.00,2000
Merit 25,171,25.00,2900
Metal Mast 30,153,29.80,7000
MG 38,102,37.80,12800
Migrant 45 Yawl,102,45.00,24200
Mirage 17,258,17.00,
Mirage 24,228,24.00,3700
Mirage 26,210,26.00,5200
Mirage 27-1,204,27.00,6830
Mirage 275,201,27.50,6800
Mirage 28 FR,174,27.50,5580
Mirage 28 Tall Mast,171,27.50,5580
Mirage 29,162,29.00,7200
Mirage 33.8,90,33.80,5150
Mirage 34,93,33.70,4480
Mirage 5.5/20,258,20.00,1200
Montgomery 17,264,17.00,
Moody 31,180,30.80,8750
Moody 33 Eclipse,177,32.50,10900
Moody 346,156,34.50,11200
Moody 36,165,36.00,17000
Moody 376,132,37.80,17204
Moody 416,135,41.80,20600
Moody 422,102,42.00,21000
Moody 425,102,41.70,21000
Moody 46 SD,120,46.20,32714
Moody 47,96,46.50,28500
Moore 24,159,24.00,2050
Moore 30 ODR,45,30.00,3220
Moore 30-2,156,30.00,
Moorings 39 SD,117,39.30,15904
Morgan 22,246,22.00,3500
Morgan 24,219,24.00,5000
Morgan 25,222,24.90,3000
Morgan 27 Outboard,180,27.00,7900
Morgan 28 CB,204,28.00,7600
Morgan 30 Centerboard,204,30.00,10500
Morgan 30/2,174,29.90,10000
Morgan 32 SD,177,31.80,11000
Morgan 33,168,33.00,11000
Morgan 33 Out Islander,204,34.50,14500
Morgan 33T,156,32.80,9800
Morgan 34 B,192,34.00,12500
Morgan 34 CB,192,34.00,12500
Morgan 35,168,35.00,11900
Morgan 36 One Ton,132,36.00,14000
Morgan 36 Out Island,216,35.80,16000
Morgan 36-4,99,36.00,11900
Morgan 36-5,99,36.00,12900
Morgan 366,111,36.00,15500
Morgan 366 CB,126,36.00,11900
Morgan 366 Short Rig,111,36.00,15500
Morgan 366 SM CB,132,36.00,
Morgan 38,156,38.00,16000
Morgan 38-2,138,38.00,17000
Morgan 383 / 384,132,38.00,18000
Morgan 40 Ketch,168,40.00,22000
Morgan 41 CB,144,41.00,19500
Morgan 41 Classic TM,183,41.30,23000
Morgan 42-1,126,42.00,19000
Morgan 43,138,43.00,23500
Morgan 44,174,44.00,23500
Morgan 45,60,45.00,21000
Morgan 45 Centerboard,90,45.50,24500
Morgan 45-3 Racer,51,45.00,21000
Morgan 45R M R Wave,45,45.00,21000
"Morgan Mod 27 ""Argo""",183,27.00,
"Morgan Mod 27 ""Hellion""",168,27.00,
"Morgan Mod 27 ""Suzy Q""",174,27.00,
"Morgan Mod 36-4 ""Outlaw""",93,36.00,10800
Morgan Out Island 28,256,28.00,8000
Morgan Out Island 41 K,192,41.00,27000
Morris  M42,105,42.30,16279
Morris 36 DS,117,36.30,8760
Morris 36 DS Shoal Draft,126,36.30,8900
Morris 36 JUSTINE,156,36.30,15600
Morris 40 SD,135,41.90,25000
Morris 45,45,45.00,27408
Morris 46,105,44.50,28000
Mount Gay 30 ODR,66,31.50,5300
Mumm 36,45,35.80,8200
MX 20 Sport,189,19.70,1700
Mystic 24,210,24.00,
Nantucket 33,162,33.00,10500
Nantucket Island 38,165,38.00,17000
Nathaniel Herreshoff 25,198,32.30,8500
Naugus 30,222,30.00,10027
Nautica 30,186,30.50,7164
Navy 44,93,44.00,31641
Navy 44 Mark 2,81,44.00,28292
Nelson/Marek 41,63,41.00,
Nelson/Marek 46PC,,46.60,19800
Nereus 40,159,39.30,20400
Nevins 40,177,40.00,
New York 30,135,43.00,17792
New York 32,141,45.00,26390
New York 36,111,36.00,10400
New York 40,93,40.00,17000
New York 40-0,42,66.00,48000
New York 48,78,48.00,34400
New Zealand 45,63,44.70,22000
Newport 20,276,20.00,3100
Newport 27 S,204,27.00,6000
Newport 28-2,198,28.30,7000
Newport 30 Phase I,186,30.00,8000
Newport 30 Phase II & III,180,30.00,8000
Newport 30-3 Shoal Draft,192,30.00,8000
Newport 33,174,33.00,9500
Newport 41,114,41.00,17540
"Newport 41 ""S""",117,41.00,18000
Niagara 30,183,30.00,4000
Niagara 31,162,31.00,8500
Niagara 35,150,35.10,15000
Niagara 42,114,42.00,22000
Nicholson 3/4 Ton,144,33.00,10046
Nicholson 345,147,34.40,6285
Nicholson 35-5,159,35.30,15620
Nicholson 35-7,159,35.30,15600
Nicholson 40,120,40.00,22000
Nicholson 70,48,70.00,111700
Nightwind 35,120,34.80,12800
Noe 27,141,27.30,4680
Nomad 26,237,26.00,
Nonsuch 22,246,22.00,5000
Nonsuch 26,207,26.00,8500
Nonsuch 30,192,30.00,10500
Nonsuch 33,171,33.40,15350
Nonsuch 36,156,36.00,17000
Nordic 26 Grinde,183,26.00,
Nordic 40,105,39.70,18000
Nordica 30,192,29.90,11350
Norlin 34,114,34.00,9900
Norlin 37,108,37.00,19800
Norseman 400,138,40.00,19000
Norseman 400 SD,144,40.00,
Norseman 447,108,44.60,28000
Norseman 447 Shoal Draft,123,44.00,32800
North American 23,240,23.00,2800
North American 40,96,40.00,
North Star 1500 SD,159,35.50,13500
North Star 38,150,38.00,
North Star 48,108,48.00,
North Star 500,228,25.00,4598
North Star 600 SD,204,26.00,4598
North Star 720,204,30.00,
Northcoast 30,183,30.00,8261
Northeast 38 Sloop,180,38.00,16000
Northeast 38 Yawl,198,38.20,16000
Northeast 38-2,165,38.10,17000
Northeast 39-2,87,39.20,14900
Northern 24 1/4 Ton,213,23.70,3400
Northwind 40,120,40.40,18750
Northwind 43,108,42.90,25280
Norvega 28,252,28.00,6000
Norwalk Islands Sharpie 26,192,26.30,3200
O'Day 20 CB,264,19.70,1600
O'Day 22,276,21.70,2183
O'day 222,264,21.67,2623
O'Day 23-1 CB,240,23.00,3725
O'Day 240,228,24.60,3600
O'Day 25 CB OB,249,24.80,3600
O'Day 25 FK,240,24.80,4762
O'Day 26  OB,228,26.00,4800
O'Day 26 Outlaw,228,26.00,5000
O'Day 27 IB,204,27.00,6200
O'Day 27 IB Deep Keel,192,27.00,7425
O'Day 28 CB,207,28.30,7300
O'Day 28 IB,201,28.00,7300
O'Day 30 CB,174,30.00,10600
O'Day 30 FK,168,30.00,10150
O'Day 30-2,174,29.60,7000
O'Day 31 SD,168,31.10,10400
O'Day 32 TM,198,31.90,11000
O'Day 322,168,32.20,10250
O'Day 34,156,34.00,11500
O'Day 35,138,35.00,11500
O'Day 35 Shoal Draft,144,34.90,11500
O'Day 37,165,37.00,14000
O'Day 39,126,39.00,18000
O'Day 39 Shoal Draft,132,39.00,18000
O'Day 40 TM SD,114,39.60,18500
O'Day Mariner FK,285,19.20,1430
"O'Day Mod 34 ""Arrythmia""",132,34.00,11910
"O'Day Mod 34 ""Hornet""",132,34.00,11910
O'Day Tempest,264,23.00,3000
Ocean Voyager 60,102,60.00,42605
Offshore 43 Cat Ketch,174,43.20,22000
Offshore 45 Cat Ketch,144,45.00,
Offshore Cruising 33,300,33.00,13000
Offshore One Design 34,120,34.00,8050
Ohlson 35,198,35.60,9010
Ohlson 35 Yawl,201,35.00,
Ohlson 36,180,36.00,
Ohlson 36-1,,36.00,12363
Ohlson 38 Sloop,150,38.00,16192
Ohlson 38 Yawl,162,38.00,16192
Ohlson 38-0 Yawl,141,38.00,1
Ohlson 38-2,138,38.00,16192
Ohlson Harmony 31,228,31.00,
Olson 25,162,25.00,2900
Olson 29 IB,117,29.80,3600
Olson 29 OB,105,29.80,3600
Olson 30 Inboard,114,30.00,3600
Olson 30 Outboard,111,30.00,3600
Olson 34,111,34.00,10604
Olson 34 Tall Mast,108,34.00,9000
Olson 40,51,40.30,10350
Olson 911 E,132,29.90,8500
Olson 911S,126,29.90,7200
Olympic 33,165,33.00,
Omega 30,150,30.80,7000
Omega 36,117,36.00,11300
Omega 46,90,46.55,24900
One Design 35 ODR,39,35.00,6500
One Design 48,-33,48.30,17937
Orion 50 Ketch,102,49.50,36600
Outbound 46,93,46.40,30073
Outlaw 26,240,26.00,
Overseas 35,180,35.20,14760
Owens 40,147,40.00,
Owens 48,147,48.00,
Oyster 395 Lightwave,66,39.30,11150
Oyster 43,78,42.40,18500
Oyster Lightwave 48,57,48.00,27000
Paceship 25 Eastwind,300,25.00,4600
Paceship 29 Northwind,192,29.00,6600
Paceship Yachts 23 CB,240,22.60,2300
Paceship Yachts 26,,26.30,5800
Paceship Yachts 28,168,28.00,
Paceship Yachts 32/28,156,32.30,14000
Pacific Seacraft 31,210,31.00,11000
Pacific Seacraft 40,150,42.20,24000
Panda 40,180,39.90,33200
Passport 37,132,37.00,17360
Passport 40 TM,135,39.40,23000
Passport 41,132,41.70,22690
Pearson 10M,147,33.00,12441
Pearson 10M TM,144,33.00,12441
Pearson 22,246,22.30,2600
Pearson 23,240,23.00,3500
Pearson 23 Cat Boat,240,23.00,3000
Pearson 25,213,25.00,3750
Pearson 26,222,26.00,5400
Pearson 26 OD,219,26.00,5200
Pearson 27-2,210,26.90,5800
Pearson 28,195,28.00,8200
Pearson 28-2,192,28.00,7850
Pearson 30,183,30.00,8320
Pearson 300,240,30.25,10000
Pearson 303,171,30.30,10400
Pearson 303 Shoal Draft,174,30.30,10400
Pearson 31,174,31.00,9400
Pearson 31-2 Deep Keel,162,30.80,10000
Pearson 31-2 Wing,171,30.80,10200
Pearson 32,165,31.70,9400
Pearson 323,198,32.20,12800
Pearson 33,186,33.00,10900
Pearson 33-2,150,32.50,11000
Pearson 33-2 CB,156,32.50,11750
Pearson 34,144,34.00,11240
Pearson 34 CB,150,34.00,11750
Pearson 34 Tall Mast,138,34.00,11240
Pearson 34-2,144,34.50,11500
Pearson 35,180,35.00,13000
Pearson 36,138,36.00,13650
Pearson 36-2,129,36.30,15000
Pearson 36-2 Centerboard,132,36.30,15850
Pearson 365 Cutter,216,36.40,17000
Pearson 37,108,37.00,12800
Pearson 37 SD,111,36.90,12800
Pearson 386,180,38.30,16115
Pearson 39 CB Sloop,129,39.30,17000
Pearson 39 Centerboard,114,39.30,17500
Pearson 39-2,108,39.30,17500
Pearson 390,175,39.00,20600
Pearson 40,117,40.00,22800
Pearson 419,165,41.90,23000
Pearson 42 BT,198,42.00,
Pearson 422 Sloop,168,42.20,22000
Pearson 424 Cutter,168,42.00,21000
Pearson 43,126,43.00,21796
Pearson 530 CB,141,53.60,43000
Pearson Ariel,252,25.60,5100
Pearson Commander,252,25.60,5100
Pearson Countess 44 Ketch,210,44.00,24500
Pearson Electra,273,22.00,3000
Pearson Ensign,252,22.50,3000
Pearson Flyer,141,30.00,6135
Pearson Invader,192,31.00,
Pearson Invicta,186,38.00,15000
Pearson Lark,258,24.00,4300
"Pearson Mod 10M ""Captain Morgan""",144,33.00,12441
"Pearson Mod 36 ""Gusto""",,36.00,
"Pearson Mod 37 ""Quicksilver""",96,37.00,11000
"Pearson Mod 37 ""Red Duster""",96,37.00,12800
Pearson Renegade,234,27.10,6500
Pearson Triton FR,261,28.50,6930
Pearson Triton MH,246,28.60,8864
Pearson Vanguard,207,32.00,10300
Pearson Wanderer,198,30.30,9800
Peterson 25 1/4 Ton,210,25.00,4700
Peterson 30 1/2 Ton,168,30.00,7300
Peterson 33,144,33.00,9000
Peterson 34,114,34.00,10800
Peterson 37 Wiggers,87,37.00,12000
Peterson 43,63,43.00,
Peterson 44 (Kelly),141,43.90,33500
"Peterson Mod 37 Wiggers ""Blue Yankee""",87,37.00,13000
"Peterson Mod 37 Wiggers ""Bootlegger""",87,37.00,12000
"Peterson Mod 37 Wiggers ""Rumble Fish""",87,37.00,12000
"Peterson Mod 37 Wiggers ""Spitfire""",87,37.00,11000
Pisces 21,294,20.80,3250
Plastrend 30,162,30.00,10500
Plastrend 32,156,32.00,10400
"Plastrend Mod 30 ""Jet""",132,30.00,
"Plastrend Mod 30 ""Strider""",162,30.00,
Pogo 10.5,78,34.40,9372
Pogo 2,120,21.30,2215
Pointon 29,,29.00,8330
Poitin 24,204,23.80,3750
Pretorian 35,141,35.00,14000
Pro 25,78,24.60,1730
Puma 23,240,23.00,2970
Quest 30 IB,93,30.00,6550
Quest 30 OB,84,30.00,6550
Quest 33,90,32.50,6500
Quickstep 24,240,23.90,4000
Quincy Adams 17 ODR,210,26.50,3800
Raider 33,144,33.00,9300
Rainbow 24,258,24.00,2250
Ranger 22,216,22.00,2180
Ranger 23,240,23.00,3400
Ranger 23 Tall Rig,222,23.00,3400
Ranger 26,201,26.30,5860
Ranger 28 TM,186,28.00,7160
Ranger 29,189,28.60,6700
Ranger 30,174,30.00,9000
Ranger 32,162,32.50,9500
Ranger 33,162,33.20,10500
Ranger 37,126,37.00,15200
Ranger Fun,177,23.30,1875
"Ranger Mod 29 ""Emancipate""",183,29.00,
"Ranger Mod 30 ""Secret""",168,30.00,
"Ranger Mod 33 ""Banoo""",156,33.00,
"Ranger Mod 33 ""Hustler III""",150,33.00,
RC 44,-45,43.80,7850
Rebel 30,84,30.80,6720
Rhodes 19 Keel,270,19.20,1355
Rhodes 22 Continental,258,22.00,2500
Rhodes 33 Swiftsure,198,33.00,11500
Rhodes 41,174,40.80,18500
Rhodes Idler,252,25.00,
Rhodes Reliant,120,42.00,22000
Rival 38 Cutter,141,37.60,17196
Robb 35,234,35.00,
Roberts Bruce 25,237,24.40,3800
Roberts Bruce 29,180,29.00,9030
Robinhood 40,141,40.80,27050
Rocket 22,105,22.00,1919
Rodgers 24,186,24.00,2200
Rodgers 26,171,26.00,5650
Rodgers 32,129,32.80,10000
RS {LDC} {Racing Sailboats} K6,105,19.00,616
S&S 30,150,30.50,6000
S2 10.3,117,34.00,10500
S2 11.0,147,36.00,15000
S2 11.0C,141,36.00,16000
S2 27 Inboard,186,26.60,5000
S2 6.7,207,22.00,2200
S2 6.9,210,22.00,2200
S2 7.3,234,23.83,3250
S2 7.9,174,25.90,4250
S2 7.9 Fixed Keel,162,25.90,4810
S2 8.0 B,216,26.00,4600
S2 8.5,192,27.50,7600
S2 8.6,162,28.00,7600
S2 9.1,135,29.80,7850
S2 9.1 Short Rig,138,29.80,8000
S2 9.2 A,180,30.00,9800
S2 9.2C,183,30.00,9800
Sabre 28,207,28.00,7900
Sabre 28-2,204,28.00,7900
Sabre 28-3,189,28.00,7500
Sabre 28-3 SD,195,28.00,8000
Sabre 30-1,183,30.00,8600
Sabre 30-1 Shoal Draft,183,30.00,8600
Sabre 30-2,171,29.90,8900
Sabre 30-3,162,30.60,8900
Sabre 30-3 Shoal Draft,174,30.00,9600
Sabre 32,165,32.00,
Sabre 34,156,34.00,11400
Sabre 34 CB,162,33.70,11700
Sabre 34-2,141,34.20,11500
Sabre 34-2 CB,147,34.20,11800
Sabre 34-2 W,147,34.10,11900
Sabre 36,126,36.00,13200
Sabre 36 CB,129,36.00,13500
Sabre 362,114,36.20,13800
Sabre 362 CB,132,36.00,15000
Sabre 362 TM,111,36.10,13800
Sabre 362 W,132,36.10,13800
Sabre 38-1,123,37.80,15200
Sabre 38-1 Centerboard,129,37.83,15600
Sabre 38-2,117,38.70,17300
Sabre 38-2 Centerboard,126,38.70,17300
Sabre 38-2 Wing,126,38.70,17300
Sabre 386 Wing,120,38.60,17800
Sabre 402 Shoal Draft,81,40.20,18500
Sabre 402 W,87,40.20,19000
Sabre 42 CB,102,41.80,19200
Sabre 425 WK,99,42.40,19200
Sabre 426,78,42.50,24500
Sabre 426 Mk2,78,42.50,24000
Sabre 426 W,84,42.60,24595
Sabre 452,48,45.20,26500
Sabre 452 W,54,45.20,26750
"Sabre Mod 28 ""Sundancer""",192,28.00,7600
Sabre SPIRIT,75,36.70,10500
Saga 35,150,35.50,12810
Saga 43,84,43.30,19842
Sailstar Courier,234,24.00,
Sakonnet 23,234,23.20,2000
Salona 380,78,38.00,16424
Salona 41,54,41.00,16535
San Juan 21,252,21.00,1250
San Juan 23,240,23.00,2700
San Juan 24,216,24.00,4700
San Juan 24 1/4 Ton,210,24.00,
San Juan 26,246,26.00,4400
San Juan 28,189,28.00,7700
San Juan 30 TM,171,29.90,7200
San Juan 33,114,33.00,6000
"San Juan 33 M ""Rapport""",108,33.00,6300
San Juan 33S,129,33.00,6400
San Juan 7.7,186,25.00,3200
Santa Cruz 27 OB,147,27.00,3000
Santa Cruz 37,33,37.00,8699
Santa Cruz 40,45,40.00,10500
Santa Cruz 52,-6,53.00,22000
Santa Cruz 70,-66,70.00,
Santa Cruz 72,-78,72.30,30107
"Santa Cruz Mod 27 ""Big Bird""",141,27.00,3000
Santana 20,222,20.00,1350
Santana 21,264,21.00,1400
Santana 22,246,22.00,2600
Santana 23,174,23.00,2600
Santana 25,222,25.00,4200
Santana 25 1/4 Ton,210,24.60,4050
Santana 26,298,26.00,
Santana 27,298,27.00,
Santana 28,186,28.00,6800
Santana 30 1/2 Ton,183,29.90,8800
Santana 30/30 Cruiser,132,30.00,6800
Santana 30/30 Grand Prix,120,30.00,6000
Santana 30/30 Racer/Cruiser,129,30.00,6600
Santana 35,126,35.00,8500
Santana 37,132,37.00,15000
Santana 525,186,25.00,
"Santana Mod 30/30 CR ""Riley Coyote""",135,30.00,7100
"Santana Mod 30/30 RC ""Falstaff""",123,30.00,6600
Scampi 30-1,177,30.00,
Scampi 30-3,180,29.60,7300
Scampi 30-4,183,29.80,6800
"Scampi Mod 30-4 ""Tootsie""",171,29.80,6800
Scanmar 33,162,33.20,10140
Scanmar 35,159,35.10,10582
Scanmar 37,39,37.00,8662
Schock 22,300,22.00,2100
Schock 25,240,25.00,2210
Schock 34 PC Wing,123,33.90,10300
Schock 346,96,33.90,8550
Schock 34PC,117,33.80,10350
Schock 35,72,35.00,10000
Schock 35 Wing,93,35.00,11000
Schock 40,6,40.00,7000
Schock 41,66,40.80,16652
Schock Harbor 30,120,30.90,8250
Sea Sprite 23,276,22.50,3350
Sea Sprite 27 IB,231,27.00,7500
Sea Sprite 30,225,30.20,10000
Sea Sprite 34,192,33.90,12800
Seafarer 22,270,21.70,2300
Seafarer 24,234,24.00,3860
Seafarer 29,219,28.70,6300
Seafarer 30,183,30.00,7520
Seafarer 30-1,186,30.40,12100
Seafarer 31,222,31.20,8750
Seafarer 31 Mark II,183,31.00,10300
Seafarer 31 Yawl,225,31.20,8750
Seafarer 34,189,34.00,12300
Seafarer 37,132,37.00,16500
Seafarer Challenger 23,264,22.70,2550
Seafarer Kestral,270,23.00,2750
Seafarer Meridian Mk II,252,25.60,5400
Seguin 40,102,39.70,20000
Seguin 44 CB TM,96,45.80,29000
Seidelmann 25 OB,216,25.00,4600
Seidelmann 285,156,28.40,6800
Seidelmann 29.9,177,29.00,8000
Seidelmann 295,177,29.40,7400
Seidelmann 30 SD,180,29.90,8000
Seidelmann 30 T,174,30.00,8800
Seidelmann 34,159,34.00,11000
Seidelmann 37,126,37.00,13500
Seidelmann 37 Shoal Draft Short Rig,138,37.00,13900
Seidelmann 37 Short Rig,129,37.00,13500
Shamrock 30,165,30.00,8000
Shannon 39 Centerboard Cutter,177,38.58,18700
Shark 24,228,24.00,2200
Shark 50,45,52.50,15000
Shields,168,30.30,4600
Shipman 29,177,29.00,7480
Show Barberis 27,192,27.50,4840
Show Barberis 29,180,29.50,7575
Show Barberis 30,162,30.00,7575
Show Barberis 34,128,34.00,10780
Show Barberis 36,126,35.40,10830
Show Barberis 38,108,37.70,11880
Show Barberis 42,84,41.40,20000
Sigma 38,162,38.30,
Sigma 41 TM,96,41.80,19725
Signet 20,292,19.80,2164
Sinergia 40,36,39.60,15888
Sirena 38,102,38.10,11200
Sirena 44,75,44.00,24661
Six Meter,132,33.30,
Skye 51 K,84,50.80,40000
Snapdragon 24,270,23.00,3850
Soling,150,26.80,2100
Sonar,174,23.00,2100
Sonic 23,216,23.00,3400
South Coast 23,288,23.00,3750
Southern 21,264,20.50,3636
Southern Cross 31,246,30.40,8500
Southern Cross 39,138,43.00,21000
Sovereign 23,252,23.00,3250
Soverel 26,171,26.00,5000
Soverel 26 Inboard,177,26.00,6300
Soverel 27,141,26.50,3900
Soverel 27 Outboard,135,26.50,3900
Soverel 28,222,28.00,7000
Soverel 30,126,30.00,7000
Soverel 33 Inboard,90,33.00,5800
Soverel 36,114,35.80,14500
Soverel 39,60,38.40,11500
Sparkman & Stevens 32,171,32.00,
Sparkman & Stevens 34,174,33.30,9185
Sparkman & Stevens 34 TM,162,33.50,16000
Sparkman & Stevens 40,168,40.00,
Sparkman & Stevens 47,99,47.00,25411
Sparstep 39,138,38.90,20121
Spice Island 40,180,40.00,24300
Sprinta Sport,207,23.00,2400
SR 21,174,21.10,1360
SR 33 IB,75,33.10,5400
Standfast 33,156,32.80,10143
Standfast 36,126,36.00,17200
Standfast 40,96,40.00,20900
Star ODR,132,22.60,1480
Starwind 27 IB SD,189,26.70,5100
Stevens 47C,93,47.00,32000
Stevens Custom 50,72,49.70,31200
Stonehorse 26,276,23.30,4490
Stuart Knockabout 28,189,28.00,4000
Summit 35,51,35.10,10920
Summit MD 35,45,35.00,5300
Swan 36,150,35.80,15400
Swan 36-2,117,36.00,14800
Swan 37 TM,123,37.00,
Swan 371,126,36.80,16400
Swan 38,123,38.30,16120
Swan 39,81,39.30,16000
Swan 391,90,40.00,18900
Swan 40,126,40.00,20475
Swan 40 TM,123,39.30,19000
Swan 40-2,90,40.20,18700
Swan 40-2 CB,93,40.00,24000
Swan 41,105,41.20,20801
Swan 411,84,40.00,23000
Swan 42,78,42.00,22000
Swan 42-2 NYYC Club 42,-6,42.60,16196
Swan 43,111,43.00,23000
Swan 431,84,43.00,26350
Swan 432,96,42.90,23400
Swan 432 SD,108,42.90,23400
Swan 44,87,44.00,26000
Swan 44 SM,90,44.00,26000
Swan 44-3 Mk II Tall Mast,66,43.80,24300
Swan 441C,69,44.50,24941
Swan 442 Mk I,75,44.00,24500
Swan 45,-18,45.40,20390
Swan 46,63,47.00,31300
Swan 46 CB,63,46.90,
Swan 46 TM,60,47.00,31300
Swan 46 TM CB,60,46.90,37527
Swan 46-2,54,47.10,31300
Swan 47 Centerboard,78,47.00,29800
Swan 47 Keel,81,47.00,29800
Swan 48,72,48.00,37661
Swan 48 Short Rig,72,47.90,35879
Swan 48 TM,69,47.90,38968
Swan 48-2,39,48.70,30900
Swan 48-2 CB,48,48.60,34000
Swan 51,36,51.20,39600
Swan 51 Centerboard,42,51.30,40100
Swan 53,33,52.70,44100
Swan 53 CB,42,53.00,49782
Swan 53 Shoal Draft,39,52.70,44100
Swan 53-2,30,54.07,48501
Swan 55,51,57.30,52000
Swan 56,-15,56.40,47400
Swan 57,42,57.30,47600
Swan 57 CB,39,57.00,52000
Swan 57 RS,42,57.40,52000
Swan 60R,-36,61.80,60638
Swan 65,54,65.00,
Swan 68,-30,67.50,94898
"Swan Mod 42 ""Joss""",72,42.00,24549
"Swan Mod 44 ""Magik""",84,44.00,26000
"Swan Mod 44 ""White Knight""",84,44.00,
Swede 55,84,52.60,15655
"Swede Mod 55 ""Mystic""",84,52.60,15655
Sweden Yachts 34,123,33.50,13300
Sweden Yachts 34,126,33.50,13200
Sweden Yachts 340,126,34.00,13200
Sweden Yachts 340 TM W,129,34.00,13000
Sweden Yachts 36 Deep Keel,117,36.10,14300
Sweden Yachts 36 Wing Keel,117,36.10,14600
Sweden Yachts 37,108,36.60,15290
Sweden Yachts 38 (Cruising 38) Wing,108,38.70,16300
Sweden Yachts 38 TM DK,93,38.60,16280
Sweden Yachts 39 (Cruising 38),96,38.70,16300
Sweden Yachts 390,108,39.00,16720
Sweden Yachts 41 TM,81,41.00,18700
Sweden Yachts 41 Wing Tall Mast,93,41.00,18700
Sweden Yachts 45 Wing,54,46.40,27400
"Sweden Yachts Mod 39 ""Pal Joey""",93,38.70,
Sydney 36,51,36.00,10200
Sydney 40 ODR,3,40.90,12109
Sydney 41,15,41.00,15400
Sydney 43,-9,43.00,15600
Sydney 60,-72,60.00,35280
Tangent One,66,42.90,18300
Tanton 32 T2,174,32.10,
"Tanton Mod 32 ""Ca Va""",162,32.10,
Tanzer 22 Keel,240,22.50,2900
Tanzer 26 OB,222,26.30,4200
Tanzer 31,162,30.60,8700
Tanzer 7.5,219,24.60,3800
Taos 34,180,34.00,9800
Tartan 10,126,33.00,6700
Tartan 10 S,126,33.10,6700
Tartan 26,234,26.00,5200
Tartan 27,234,27.00,6800
Tartan 27 Yawl,240,27.00,6800
Tartan 28,180,28.30,7450
Tartan 28-2,192,28.30,6300
Tartan 30 Comp. Folding,174,30.00,8750
Tartan 30 Competition Solid,171,30.00,8750
Tartan 30 Folding Prop,180,30.00,8750
Tartan 30 Solid Prop,177,30.00,8750
Tartan 3000,165,29.90,7950
Tartan 31,159,30.30,9700
Tartan 31 SD,171,30.30,9030
Tartan 33,159,33.00,10000
Tartan 33R,135,33.00,10000
Tartan 34 Folding Prop,183,34.00,11200
Tartan 34 Solid Prop,180,34.00,11200
Tartan 34-2 DK,129,34.40,10000
Tartan 34-2 SD,144,34.40,10000
Tartan 3400 SD,120,34.40,11000
Tartan 3500,123,35.20,11400
Tartan 3500 Wing,129,35.20,13200
Tartan 37 CB,138,37.00,15500
Tartan 37-3,126,37.20,
Tartan 37-3 DK,123,37.20,15200
Tartan 3700 CB,111,37.00,16350
Tartan 38,120,38.00,15200
Tartan 3800,114,38.00,16000
Tartan 40 Centerboard,111,40.30,17800
Tartan 40 Centerboard TM,108,40.30,17800
Tartan 4000 Shoal Draft,93,40.70,20104
Tartan 41 Short Keel Short Rig,114,41.00,17850
Tartan 41 short keel.,111,41.00,17850
Tartan 41 Short Rig,105,41.00,17850
"Tartan 41 Tall rig, Deep keel",99,41.00,17850
Tartan 4100 SD,105,41.30,20400
Tartan 4100 SD TR,102,41.30,20400
Tartan 4100 TR,96,41.30,19000
Tartan 42 SD,123,42.00,22000
Tartan 42 SR SD,126,42.00,22000
Tartan 43,96,43.00,
Tartan 43 CB,111,43.00,20000
Tartan 44,102,43.10,20929
Tartan 4400,93,45.00,24000
Tartan 4600 CB,90,46.20,29600
Tartan 4700 Wing,84,47.00,31000
Tartan Black Watch 37,168,37.00,15650
"Tartan Mod 10 ""Impulse""",126,33.00,6700
"Tartan Mod 10 ""Menace""",120,33.00,
"Tartan Mod 30 ""Aurora""",177,30.00,
"Tartan Mod 42 ""Contessa""",111,42.00,
Tartan Offshore Cruising Ketch,144,40.70,25000
Tartan Pride 270,129,26.80,3800
Tashiba 40,138,39.90,29000
Taswell 49,102,48.83,32500
Tavana 33 Centerboard Yawl,210,33.00,12000
Tayana 37,192,36.70,22879
Tayana 45,141,43.20,26400
Tayana 52,141,51.40,38570
Tayana 55,51,55.00,48400
Taylor 23 Mini-Ton,228,23.00,2170
Taylor 38,84,37.40,13700
Taylor 40,63,39.60,14750
Taylor 42,45,41.90,17750
"Taylor Mod 38 ""Caliente""",81,37.40,13700
Texas Marine International 27,168,27.00,7900
Texas Marine International 30,180,29.90,9600
Thomas Marine 35,72,35.50,10500
Thompson 850 OB,51,28.50,3870
Tiburon 44,162,44.00,
Tiger 23,228,23.00,
TOR 40,177,40.00,21200
Toucan 35 Frac.,75,35.00,4400
Transpac 52,-84,52.00,16510
Triangle 32 CB Ketch,219,32.00,12000
Trintella 42,90,42.30,20000
Trintella 45,105,45.00,36500
Trintella 45 Tall Mast,102,45.00,36500
Trintella 47,96,47.30,36000
Tripp 24 Lentsch,228,24.00,
Tripp 26 One Design Rig,120,26.70,2900
Tripp 29 Lentsch,240,28.90,8200
Tripp 33,90,33.00,5900
Tripp 36,72,36.00,10000
Tripp 36 Tall Rig,69,36.00,10000
Tripp 37,87,37.00,11300
Tripp 37 Cruising,87,36.90,15554
Tripp 38,66,38.00,11800
Tripp 41,3,41.00,12350
Tripp 47 FR,6,47.00,19992
Tripp 47 MH,6,47.00,19944
Tripp ILC 40-2,15,41.00,14922
Tristar 48 Ketch,81,48.00,27500
Turner 56,-18,56.70,35000
Tylercraft 21,210,21.00,
Tylercraft 29,252,29.00,
U. S. Yachts 27-1 CB,198,27.00,6250
U. S. Yachts 30,168,29.90,7000
U. S. Yachts 305,234,30.00,10000
U. S. Yachts 46,165,45.50,30159
UFO 22 ODR,153,22.70,1588
Ultra 30,-27,30.00,2425
Valiant 32,162,32.00,11800
Valiant 40,138,39.90,23520
Valiant 50 Short Mast,105,50.70,35500
VAr 37,111,37.80,15211
Vega 27,240,27.10,5060
Venture 224 MH,222,24.60,3200
Venture 23 Newport,258,22.70,2000
Venture 24 MH,228,24.60,
Viking 28 IB,198,28.00,
Viking 33,132,33.60,8800
Vindo 35,198,35.00,12000
Vinelander 32,210,31.90,
Viper 640 One Design Rig,96,21.10,750
Viper 830 ODR,69,27.50,2094
Walstead 42,78,41.80,22000
Walters 33,135,33.20,8512
Wasa 37,132,37.00,11770
Watkins 27,234,27.00,7500
Watkins 29/30 Sea Wolf Tall Rig,225,30.00,9100
Watkins 32,192,30.50,10800
Wauquiez 33,141,32.80,11000
Wavelength 24,165,24.00,2500
Wavelength 30,123,30.00,7000
West Indies 36,147,36.30,17000
Westerly Yachts 32 Fulmar,171,31.80,9900
Westerly Yachts 34 GK,126,33.90,8400
Westerly Yachts 38,132,38.50,18500
Westerly Yachts 41,129,40.50,20878
Westerly Yachts Corsair 36,144,35.70,17475
Westerly Yachts GK 24,234,24.00,4100
Westerly Yachts GK 29,180,29.00,
Westphall 38,171,38.00,24000
Westsail 32,204,32.00,19500
Westsail 42,156,42.00,31500
Westwind 24,240,23.90,
Whitby 42,174,42.00,23500
Whitby 45,105,45.40,27040
Whitney 30,186,30.00,6607
Wylie 28,174,28.00,
Wylie 34,123,34.00,7800
Wyliecat 30,147,30.40,5500
X Yachts 102,120,32.90,7700
X Yachts 102TM,114,32.90,7700
X Yachts 119,57,39.40,11466
X Yachts 3/4 Ton -1,111,32.90,7275
X Yachts 3/4 Ton -2,111,32.90,7275
X Yachts 302,132,30.60,7929
X Yachts 332,114,33.80,12960
X Yachts 34,99,34.00,13580
X Yachts 35,63,34.80,9780
X Yachts 362,81,36.10,10800
X Yachts 37,69,37.20,16324
X Yachts 372,93,36.30,11243
X Yachts 382,78,37.70,14300
X Yachts 40,48,40.00,16425
X Yachts 402,81,39.70,14000
X Yachts 41,24,40.50,
X Yachts 412-2,60,42.30,16314
X Yachts 442,39,44.30,21300
X Yachts 95,144,30.30,6710
X Yachts 99,111,32.80,6280
XC 35,99,34.00,14220
Xp 33,81,32.78,9480
XP 44,30,43.60,19070
XP 44 Tall Mast Deep Keel,15,43.60,20125
Yamaha 30,165,29.40,7606
Yamaha 33 Tall Mast,144,33.30,10584
Yankee 26,228,26.00,5335
Yankee 30,168,30.00,10000
Yankee 30 1 & 2,180,30.00,8700
Yankee 38,120,38.20,16000
Yankee Dolphin 24,243,24.10,4765
ZAP 26,132,26.00,3200
